PERIODO,PESO_1,VALOR_1,NUM_OPERACIONES_1,PESO_2,VALOR_2,NUM_OPERACIONES_2,PESO_3,VALOR_3,NUM_OPERACIONES_3,PESO_4,VALOR_4,NUM_OPERACIONES_4,PESO_5,VALOR_5,NUM_OPERACIONES_5,PESO_6,VALOR_6,NUM_OPERACIONES_6,PESO_7,VALOR_7,NUM_OPERACIONES_7,PESO_8,VALOR_8,NUM_OPERACIONES_8,PESO_9,VALOR_9,NUM_OPERACIONES_9,PESO_10,VALOR_10,NUM_OPERACIONES_10,PESO_11,VALOR_11,NUM_OPERACIONES_11,PESO_12,VALOR_12,NUM_OPERACIONES_12,PESO_13,VALOR_13,NUM_OPERACIONES_13,PESO_14,VALOR_14,NUM_OPERACIONES_14,PESO_15,VALOR_15,NUM_OPERACIONES_15,PESO_16,VALOR_16,NUM_OPERACIONES_16,PESO_17,VALOR_17,NUM_OPERACIONES_17,PESO_18,VALOR_18,NUM_OPERACIONES_18,PESO_19,VALOR_19,NUM_OPERACIONES_19,PESO_20,VALOR_20,NUM_OPERACIONES_20,PESO_21,VALOR_21,NUM_OPERACIONES_21,PESO_22,VALOR_22,NUM_OPERACIONES_22,PESO_23,VALOR_23,NUM_OPERACIONES_23,tm_mes,w_med,p_mes,hr,e,w_racha_dir,w_racha_speed,PIB
Ene/14,0,0.0,0,20480,161590.43,17,1762044,7451234.36,1484,241076,307944.95,39,548,29738.11,7,82888,279151.61,73,4647664,2401921.78,140,4881769,3493162.98,109,356574,776344.18,22,96257627,18698534.38,17,105220,14937.01,3,52,17514.24,5,55,1937.5,2,0,0.0,0,14978,16269.87,2,19531,61603.0,6,67527376,31630566.92,47,66873,166793.11,85,62751,97386.64,43,143638,167085.94,28,6617,18661.05,21,1703954,6039811.45,152,14134259,5448839.55,36,13.2,20.0,130.3,76.0,120.0,25.0,27.5,315945.0
Feb/14,1617,15667.68,6,28357,209912.23,29,2766260,9851902.35,1366,187323,358730.54,42,1229,24001.95,8,63321,260493.1,67,4155779,1655281.35,100,2714580,2228275.82,81,230837,516820.13,19,1,14.68,1,1200,1964.74,1,4342,67108.58,9,0,0.0,0,96000,34545.25,2,33410,22052.3,4,11459,27278.9,4,71545714,25430680.81,38,22842,35024.61,66,50824,83255.82,32,65657,61181.16,16,33642,99011.74,26,1447727,4818733.47,171,17396917,6493372.31,48,12.7,20.0,57.0,72.0,113.0,24.0,26.4,315945.0
Mar/14,2168,20771.54,4,39998,236089.89,32,2333843,9376101.44,1498,444362,497602.91,45,1193,64545.32,11,46103,209256.66,68,3138319,1786331.34,134,5409042,4519699.45,150,500038,877979.94,22,9,54.46,1,1500,2455.92,1,3658415,1216508.93,12,27,368.83,3,47196,13546.11,2,7968736,5346583.84,9,12158,27816.32,4,36460907,13514168.19,44,32650,70692.53,105,107387,184541.36,40,94866,76562.04,24,67635,112439.46,23,1198703,2192913.45,128,4604033,1608188.47,42,14.3,24.0,136.6,83.25,118.0,9.0,26.1,315945.0
Abr/14,105,6388.48,2,116501,375152.33,35,3097984,10280540.18,1610,409998,421632.82,44,187,3185.68,9,88988,362817.79,73,1067706,893340.16,66,3577522,2954158.02,100,606667,840743.75,26,11645104,2300472.93,4,900,1473.55,1,3700784,1201124.38,10,0,0.0,0,3,4.46,1,9086104,6339648.34,7,28462,78150.24,10,81828,56390.43,49,34089,92977.87,111,55005,105226.86,60,92569,112647.58,30,44268,81833.83,34,1011141,1937532.81,197,9144806,3812957.3,48,16.6,22.0,50.9,77.0,151.0,8.0,21.1,297470.0
May/14,2062,41020.21,7,185644,504055.77,47,3963593,12011060.64,1717,685920,583072.45,44,29,428.45,8,42393,224233.91,83,2041205,1256485.08,82,4960589,3830322.81,131,503768,832230.37,25,7383238,1611292.72,7,319,578.18,3,6227038,2636220.25,11,44,1457.0,1,3,4.95,1,10538498,7634846.53,10,21786,50693.57,7,7768506,2218358.49,55,29195,88783.02,81,38643,92303.36,47,77189,108733.24,25,71291,112194.13,33,1276184,2685633.04,129,23505458,8669278.36,45,19.1,27.0,21.25,72.0,161.0,8.0,23.9,297470.0
Jun/14,587,22339.94,3,207717,462882.72,42,2522715,8805179.86,1846,189545,331653.58,51,573,53013.97,8,75529,313793.86,65,1185563,970033.02,78,3183716,2675640.2,95,693137,1192055.67,21,2,14.57,1,0,0.0,0,15208,38862.69,10,12,349.52,1,238800,62212.72,6,14479992,9918795.46,8,545455,280549.52,8,153259,59739.78,50,192723,126107.12,77,38531,101545.32,50,86355,104334.73,21,64676,128199.72,21,1204089,2265681.81,164,14367411,5347715.15,43,21.425,18.0,3.65,77.25,186.0,7.5,22.275,297470.0
Jul/14,6630,84238.84,14,69638,305748.28,47,4108531,13728493.98,1850,217618,312038.54,40,635,20140.22,7,78129,342811.55,73,522566,346785.12,22,3571043,3392353.26,108,298560,551420.14,15,40803815,8363619.76,4,10,44.9,1,62,10346.71,5,5,249.75,1,208281,67854.2,7,26829076,18269811.44,9,15272,34166.28,4,3502589,1086676.82,43,186357,71473.86,76,40679,95298.94,48,86338,128309.06,42,46668,82392.08,60,1414412,3423755.82,148,22741644,5640647.76,58,22.0,20.0,0.0,77.0,207.0,9.0,20.3,305414.0
Ago/14,1684,32908.79,3,130697,304393.69,32,2936590,13846248.63,1976,241065,339246.04,38,552,4619.08,9,215338,418859.15,71,483511,322318.33,22,2264675,2450201.44,92,415620,712998.23,22,96177410,19538233.34,11,5,22.0,1,8255646,3316566.41,12,0,0.0,0,25654,8353.69,3,13513859,8631309.52,8,57403,310213.91,9,4051446,1440573.35,45,34248,133720.14,74,51097,123634.86,53,132588,164203.62,24,83912,96442.52,24,524732,1571131.23,144,19675816,5985232.27,50,23.1,20.0,0.0,79.0,228.0,8.0,23.3,305414.0
Sep/14,101870,243845.94,6,185205,438761.73,45,2658460,14001819.78,2233,199440,305915.67,41,523,9102.11,7,160939,489253.85,65,3487390,1175157.28,21,2628656,2156032.91,96,458369,865520.8,20,11872186,2037276.2,7,0,0.0,0,6223419,1962342.34,13,0,0.0,0,416,4052.74,2,2014330,1277226.5,6,42629,136555.26,13,189935117,74329974.77,73,26368,88221.58,84,34069,77717.12,58,85543,110330.23,23,45050,86975.48,24,1808937,4576294.51,179,22107239,6199241.54,52,22.3,16.0,30.1,82.0,226.0,8.0,18.9,305414.0
Oct/14,17036,51126.03,2,255211,620608.23,42,2412506,11904027.88,1322,659723,595368.81,41,1029,48191.85,9,159034,587647.93,98,370727,288826.66,19,2915206,2144820.87,85,387928,686482.52,18,24813858,5072794.65,3,7,28.0,1,44481,216697.53,12,5,249.75,1,31,52.16,2,17819359,11187663.02,15,40055,103959.88,12,64838046,25827777.29,49,25554,83245.74,83,39921,90621.52,52,4485307,1219691.61,23,43689,85302.97,27,1298093,2117754.69,179,42131451,10058530.25,58,21.1,25.0,19.5,81.0,201.0,25.0,27.5,288049.0
Nov/14,17001,47084.54,2,110813,340936.98,31,2604390,12959686.76,1506,225647,370278.74,40,19371,100656.17,12,132230,404178.42,90,872888,828503.13,68,2130878,1432684.91,80,457138,768531.69,20,36387924,6269269.79,6,18732,7008.48,2,12860812,3991256.95,11,24,975.22,2,0,0.0,0,12690,14019.28,5,44103,118634.36,7,7877520,2904531.04,44,24182,40190.06,67,41580,79545.29,36,70125,81019.23,20,69527,83459.77,26,1339104,2756566.53,136,20796733,5817757.11,59,16.633333333333336,18.0,109.63333333333333,81.66666666666667,150.0,24.0,25.6,288049.0
Dic/14,0,0.0,0,135941,438266.03,52,3480015,17680737.43,1646,141836,230892.06,35,552,26646.63,14,171731,422897.86,81,5614224,2344853.62,98,2842649,2265157.4,110,191601,548011.7,13,72212352,18072591.34,10,10,44.0,2,256787,175245.26,15,0,0.0,0,0,0.0,0,16357,18047.94,5,30769,70932.9,6,30107568,15271193.87,69,26001,78376.61,88,34849,65425.25,49,60164,69373.63,19,65717,100302.51,21,1440375,4482450.64,188,31333755,10327555.47,63,12.9,18.0,45.0,80.0,124.0,7.0,20.3,288049.0
Ene/15,2000,8489.9,3,102450,237568.95,35,1950189,9898407.67,1180,188678,257511.91,36,43505,181107.86,14,76514,270164.29,47,3253263,1837807.93,96,2021697,1656258.41,85,367543,749606.91,14,37595941,6727873.45,14,0,0.0,0,4819602,1856111.81,14,6008,35331.62,2,0,0.0,0,6829753,4523028.81,6,24371,61334.01,4,23228895,9260230.72,59,41235,183803.88,77,41417,87151.41,46,80829,86375.79,25,27101,43791.68,36,883962,1582670.81,131,21086297,7298343.69,57,12.3,21.0,40.8,83.0,126.0,26.0,21.7,305396.0
Feb/15,0,0.0,0,74962,327530.69,28,2519919,12847381.37,1344,137461,294683.31,41,1107,63296.53,12,60491,260242.76,67,2556898,1496609.4,83,2724975,3212454.09,115,235563,490356.57,16,33206509,6564794.05,8,12,54.0,1,5546,36046.05,11,0,0.0,0,0,0.0,0,5041542,2944264.48,8,15465,46562.74,11,27822518,13101226.31,52,24945,52634.11,64,29614,65983.8,48,71119,103355.56,19,44199,89754.32,35,1080091,1496773.47,146,36751146,10635805.21,63,11.8,22.0,35.5,81.0,115.0,8.0,22.8,305396.0
Mar/15,2700,42208.93,1,252929,361519.44,59,2224967,10189232.19,1719,139512,238468.01,33,22510,91017.51,17,71665,349717.52,71,3835614,1862912.7,102,2532024,3072300.84,108,347303,799378.13,13,52566532,7679623.37,18,35,178.0,3,72285,51312.38,12,0,0.0,0,64,74.75,1,5864290,3790163.44,12,44547,92210.44,5,72964556,23991787.19,58,43353,119444.75,68,48652,155875.81,49,99205,109192.22,22,50004,139159.92,45,735355,1361495.97,121,26699801,9438437.0,70,14.0,20.0,169.2,84.0,136.0,9.0,25.3,305396.0
Abr/15,2000,14000.0,1,94778,350681.69,86,2952080,12014211.99,1840,133677,232682.21,174,551,41644.74,17,55843,251952.59,50,8493951,2906669.79,111,2613045,3785921.18,107,213197,500402.77,31,46584664,12183970.75,17,447,1171.04,17,29643,44976.9,12,0,0.0,0,10,100.56,3,18548714,11325579.42,25,19603,63346.45,123,126169,113484.37,84,41501,116629.73,131,41543,88474.03,348,65707,76507.03,126,47244,89954.29,121,752049,1741482.85,163,21003541,7379099.82,91,15.9,25.0,14.0,85.66666666666667,156.0,7.0,26.4,287460.0
May/15,39953,97092.68,4,316817,441468.15,87,2458775,9764840.17,1711,103458,212836.04,156,1248,22151.35,11,64638,327853.0,88,2450521,1856177.62,147,2828411,3523916.39,113,419606,816854.08,32,27033105,4690826.38,15,229,286.11,10,75956,55722.25,12,400,4724.0,1,172,165.76,3,8238906,5384668.23,15,27337,81277.62,119,750605,308760.7,78,63870,186778.65,109,45951,92561.84,336,75700,82114.92,172,22980,62028.74,167,1009582,1454869.45,192,17178686,5501257.11,96,19.0,26.0,6.0,78.0,176.0,8.0,21.7,287460.0
Jun/15,529,11261.3,3,132242,268627.52,97,2286615,9997412.46,2016,5475,16929.33,145,826,49362.51,20,43366,274937.74,66,853642,857588.29,85,2218496,2239919.99,85,362615,639226.88,33,4093056,1121074.3,17,169,398.44,13,64713,78756.74,12,200,17808.96,1,0,0.0,0,28478261,17972672.14,24,35122,99721.73,102,2672370,1119693.95,99,45300,221603.55,115,736324,121769.8,342,120337,143441.29,166,52798,143771.65,176,1390818,2794516.46,173,15925264,2856043.47,117,21.3,26.0,12.5,79.0,201.0,7.0,22.2,287460.0
Jul/15,0,0.0,0,43902,245927.8,98,2428946,11617054.93,1720,526731,369083.21,177,159,3437.58,17,65672,306142.15,70,538373,738247.03,56,2455954,2669189.82,96,545395,1018063.8,31,11604232,2750090.57,14,119,272.58,9,20001427,6380945.91,20,10,499.5,1,8,16.02,1,13230916,8256298.58,17,27450,98346.39,107,862204,362305.96,95,33178,125387.42,89,75157,165427.15,313,77365,91002.79,154,67954,252846.56,188,1270742,4323053.04,191,24207202,5668553.47,133,24.6,20.0,0.0,81.0,258.0,6.0,22.5,295595.0
Ago/15,0,0.0,0,36142,249969.87,86,2933278,16758451.87,2123,547240,373244.41,167,257,4643.49,15,100018,360855.38,45,207290,177614.13,46,1700107,1870425.56,76,436977,974217.06,28,136889542,23939449.87,46,197,245.11,10,20694062,6960597.86,16,230,2386.59,2,187738,62650.69,6,18026906,11275992.17,18,26011,70409.51,100,911766,432471.9,100,45260,145118.86,104,84152,305490.19,325,73581,90332.68,162,28242,59528.48,188,820571,1729342.32,170,21173012,6447566.78,112,24.2,21.0,0.3,83.0,255.0,8.0,21.9,295595.0
Sep/15,16000,43150.0,1,509949,399049.58,92,3322588,12818635.81,1511,1112172,231227.64,153,126,6390.12,16,190352,402245.56,96,865174,599726.56,61,2209291,2107147.01,86,288560,611353.41,31,29598018,5024499.87,16,3751,2592.54,13,6743345,2282607.63,11,0,0.0,0,313533,143797.92,17,17994532,11247431.93,20,12539,37025.23,98,25005597,7182971.84,79,60961,292479.98,104,76713,183115.55,327,68049,90535.65,163,44707,118505.62,152,1179117,2848835.22,163,15318077,4042351.77,105,22.0,18.0,2.2,82.0,216.0,9.0,19.4,295595.0
Oct/15,1,457.0,1,51938,206934.14,90,3274391,12454190.02,1690,80833,152238.9,154,55,3168.93,12,141427,496463.74,89,1325578,887766.1,58,2649758,1876745.71,103,365419,770023.0,36,89333622,15841439.99,17,160,366.92,12,4302,215308.77,15,0,0.0,0,50195,23580.51,5,4057757,2183224.33,14,40215,63625.17,97,3361,14831.7,84,65369,242468.02,116,40073,143677.58,345,79264,80458.7,140,25208,43669.21,167,898453,3017653.67,142,9242478,2453432.11,108,21.2,15.0,89.2,80.0,200.0,8.0,16.9,277868.0
Nov/15,18054,57069.4,3,18889,100469.76,81,2620497,10724002.04,1846,149275,293535.01,163,22231,221983.14,15,111794,389519.41,75,1495317,834056.03,90,4655949,2863260.21,103,263565,531688.15,37,52842218,11176276.89,22,330,560.47,15,31816,69742.64,13,200,17450.54,1,5,57.0,1,12211,13759.83,12,124598,243519.94,132,60043,41766.86,86,81949,348039.91,121,54477,138615.55,351,54417,76506.73,146,27901,47304.91,146,747336,1624696.69,144,10558180,2721417.43,106,18.3,21.0,21.7,82.0,176.0,10.0,23.6,277868.0
Dic/15,838,7133.61,3,610033,587605.67,31,2658367,12863777.02,2048,128886,175568.22,25,294,4954.4,19,105744,355449.56,98,3047421,1798914.67,85,5650392,4525102.68,165,285513,671460.24,22,930856,268050.01,27,12,32.0,2,34000,95899.19,16,58080,6196.08,1,31105,13872.47,3,4011272,1928608.86,6,29346,88359.02,37,26309043,9697752.97,135,106172,432040.54,154,67090,224764.84,684,56687,60591.21,189,130863,172569.51,301,929046,1982389.16,226,15883243,3998669.5,163,18.2,26.0,0.0,82.0,144.0,8.0,21.9,277868.0
Ene/16,40,1241.26,1,591995,2023055.02,84,2675011,14907680.2,1933,92984,146860.63,149,89,2884.2,17,44234,171660.78,57,2715935,1689108.12,122,4341390,3914226.05,135,440479,916758.87,44,51221136,8873413.69,28,808,49722.61,20,8801628,2241634.09,20,0,0.0,0,0,0.0,0,56370,63541.14,16,62573,196394.79,105,15491,141989.97,84,38258,158021.05,104,90141,211212.06,326,202896,266983.5,157,19664,30657.33,182,1055663,957026.72,140,5216568,1358384.77,101,13.2,20.0,48.8,78.0,123.5,10.0,26.1,291178.0
Feb/16,0,0.0,0,28949,164033.53,77,3023868,14082570.48,1444,344169,278604.56,176,469,9899.97,14,61973,281812.97,103,9780713,3132144.16,129,3371997,3291361.2,115,97963,247983.49,27,80636021,13016108.31,25,264,360.59,12,12027661,2375362.11,19,450,15984.83,2,8,46.0,1,13087,15873.98,15,23903,253723.81,106,187884,87760.13,79,55566,201506.13,110,31388,77838.9,326,63012,72614.17,144,33979,124553.86,163,1239772,1344234.21,127,9173935,2529010.63,110,14.7,23.0,77.1,77.0,137.0,24.0,25.6,291178.0
Mar/16,1,80.96,1,436292,447013.52,80,4945797,15064437.1,1859,390348,350185.9,156,7173,37984.09,18,104158,372821.04,87,2429763,1474373.9,95,5933294,5521115.21,134,166944,336731.73,37,86945548,14558023.27,33,276,375.26,14,25268862,4691631.51,21,0,7.25,1,627,2654.65,4,3998938,2148419.87,16,42078,114155.38,104,33275487,10651313.12,121,63675,250244.07,119,35183,95177.15,337,67633,79783.8,177,37689,78509.35,253,821073,1293451.97,163,12420561,2538371.4,128,14.4,17.0,42.0,79.0,134.0,26.0,18.1,291178.0
Abr/16,1505,24726.61,2,28780,220900.24,91,2545104,12986790.13,1963,334325,328996.72,159,344,6005.93,22,76632,394979.23,97,1459708,940062.31,83,6545056,5048602.48,92,237377,502386.36,41,60522550,9866434.01,21,234,461.87,14,4902846,861367.09,29,0,0.0,0,96,318.17,5,13752,15988.14,18,68354,153012.57,112,4093,18529.19,91,74159,268957.02,114,90445,247827.4,335,115242,118101.39,158,83412,101520.61,201,1040839,2426508.28,180,4067090,1295384.52,106,16.9,24.0,60.9,82.0,163.0,9.0,30.0,276900.0
May/16,3189,66934.29,5,47020,258874.15,90,2689880,13252530.78,2247,196092,237800.42,163,49,743.81,11,64430,346879.2,95,1421997,943298.68,97,6273612,5805313.17,165,371147,740044.14,40,30490025,4684449.44,18,9204,73416.43,19,3000096,466200.68,21,1,81.73,1,24423,10176.34,6,3009649,2100928.43,23,38850,61065.8,112,25251266,8300491.5,107,27018,113215.11,135,68522,158684.46,346,74603,91078.74,155,58563,110715.38,175,1271612,2261931.54,198,17528606,3738895.25,121,18.9,22.0,49.3,81.0,182.0,8.0,24.2,276900.0
Jun/16,22455,248231.21,5,953779,877627.71,88,3346391,12531576.51,1865,233037,241132.16,151,48,600.13,10,47305,221659.08,76,676069,571704.93,70,3769702,3563721.38,106,328315,633447.12,36,100249845,18563486.92,26,2791,3756.38,18,1101100,211577.55,18,50,987.68,1,24049,8573.0,4,3519212,2575514.96,16,26170,122200.28,104,62901,89765.21,93,25800,100814.41,102,34512,105826.01,332,63525,78783.74,149,24070,37963.4,193,1083855,2262517.93,172,9389769,2310593.12,108,21.7,24.0,0.6,79.0,210.0,7.0,23.6,276900.0
Jul/16,0,0.0,0,38260,229241.38,91,6077820,19634617.07,1824,167817,245904.38,157,3078,61495.16,15,78352,363058.79,84,1061285,702326.25,68,2216324,2409286.15,94,471439,1152615.49,37,17071536,3064973.36,19,201,373.01,15,66,8782.58,15,64,1505.98,3,817,2930.04,5,10202,11558.65,9,61299,87882.14,97,59376,47351.42,96,32883,114132.73,104,44204,125176.75,291,71970,88887.32,141,66805,78649.77,156,1257053,3538525.3,191,9542802,3130116.77,111,24.9,21.0,1.1,81.0,254.0,9.0,23.75,283781.0
Ago/16,0,0.0,0,58372,405213.73,96,5125205,22058347.88,2658,200518,300114.91,165,27683,214715.56,17,142697,493520.69,81,357290,321765.4,63,1798532,2759450.93,74,439311,956079.14,39,46298175,7680177.05,20,25176,8504.63,13,18153,111190.88,14,6,649.28,2,24072,8862.19,6,324035,200437.63,27,78128,215721.59,110,37040912,11619325.6,116,41706,190105.42,146,34298,90555.97,333,294832,401658.55,160,30582,65641.38,189,1030377,1977077.18,198,15147941,3443705.64,124,25.1,27.0,0.1,83.0,263.0,6.0,23.3,283781.0
Sep/16,38,5600.63,4,440982,468804.27,96,3115258,15012623.96,1317,326975,337868.11,158,58,2478.6,15,142722,513071.07,114,1072040,601613.27,66,3732375,3104524.64,75,464319,1184445.51,38,38315383,5885117.45,22,15026,6947.34,16,46874,153749.25,21,476,21505.56,5,420,351.46,4,100085,68329.5,15,33613,53825.61,118,99312586,29332360.01,102,63626,293102.8,124,46690,185897.22,362,83238,91854.49,150,39672,100551.23,200,1374175,1621881.1,171,11311760,2913638.21,118,23.4,24.0,3.6,81.0,232.0,9.0,21.1,283781.0
Oct/16,15050,47360.0,1,24859,153380.87,92,2449005,13702843.61,2145,287144,285242.56,160,189,4384.2,18,155865,558333.71,85,1310932,1049376.16,83,4799001,2900994.54,98,459047,1240748.48,43,18834201,3048759.69,23,254,386.41,15,2449,15123.24,15,0,0.0,0,88,349.55,4,2099329,1536011.69,17,71996,184979.04,117,412704,195546.3,97,22713,46877.58,108,57719,231086.52,370,67877,91383.05,164,25828,46758.04,241,1613547,2399691.86,157,24016750,5249678.25,126,20.8,25.0,40.9,85.0,211.0,13.0,22.5,266884.0
Nov/16,115,4451.45,3,19210,181682.69,69,2855971,16206772.96,2059,360620,357924.48,150,394,15068.24,20,112972,483040.08,127,1569340,911970.05,126,8419038,4909673.26,113,289468,664454.93,35,10011065,1592355.59,20,12262,28889.12,18,4583847,1367143.67,23,625,14752.5,3,2134,10695.62,4,1395761,967707.59,24,20819,54038.19,116,22059338,8144293.02,91,75815,367306.93,102,46561,105812.0,338,77855,85264.33,158,2372,15338.55,178,2282073,3197344.1,156,12881477,3414539.32,125,17.1,19.0,186.1,81.0,160.0,7.0,21.4,266884.0
Dic/16,0,0.0,0,503816,571875.95,101,2095038,13896753.21,1839,44755,93480.94,148,26,337.87,16,104809,387277.43,81,3179457,1887280.16,162,3696543,2620563.39,98,354209,892627.02,47,60949371,10616921.36,23,5967,4762.32,16,4685,26034.76,15,5140,123129.25,2,3014,1071.39,4,117,785.22,14,52128,166960.1,126,53374964,15725209.4,101,69442,311053.63,113,19812,84097.39,356,71023,105737.34,170,8132,44592.2,303,1647984,1778983.66,159,12292506,2479940.17,134,16.4,20.0,181.1,81.0,155.0,15.0,23.05,266884.0
Ene/17,17000,45144.76,1,15932,113871.38,72,2666062,18583574.39,2076,278474,304466.02,155,2941,15224.96,20,123296,351876.29,58,2767615,1770844.2,196,1015856,1478539.3,54,518507,1242678.72,40,47511975,7309304.8,30,338,514.78,15,5050,22836.44,20,0,0.0,0,59,311.28,4,10111,12119.57,15,17092,137026.81,110,52745449,22375093.13,89,52785,202007.5,99,34647,70393.74,311,68412,68746.45,142,51337,78288.37,314,667477,770265.08,153,7413480,2453844.08,114,13.6,20.0,15.6,73.0,120.0,10.0,26.1,282844.0
Feb/17,0,0.0,0,27448,201781.18,87,2314994,15487075.55,1611,115982,155438.55,141,1652,11947.06,20,85961,360602.0,159,2487279,1328134.38,195,1791627,3279539.35,80,213104,435789.89,36,4070019,641299.41,24,171,309.28,13,3869,28571.77,18,698,42377.5,1,87,373.0,5,7587,9023.45,15,66300,157781.25,115,61415927,26982930.79,96,27737,108398.95,92,53574,108753.15,312,73569,82836.74,151,65790,73434.66,279,914529,1802217.15,159,11505987,2490395.05,128,15.9,23.0,81.9,83.0,152.0,9.0,27.2,282844.0
Mar/17,59127,201236.73,5,1158733,2115098.18,113,2577410,15908271.6,1790,313143,459593.51,157,5079,47108.25,23,83912,284026.1,88,3663372,1923925.09,206,4960501,10402683.93,139,119922,281591.37,26,26489245,4195467.96,21,254,328.95,12,60659,94670.63,26,1308,77818.86,2,24444,10031.93,10,12772,14821.27,14,51173,149976.66,115,46340355,21794612.0,83,43858,120042.35,94,68150,242656.65,314,62094,68287.53,153,6699,37842.97,351,942957,1560793.41,151,38996764,8593628.35,129,15.9,24.0,49.2,86.0,161.0,10.0,24.7,282844.0
Abr/17,16074,160369.8,6,42838,284604.02,94,2807037,13758401.37,2113,208690,338135.75,154,1570,17343.43,15,73582,437706.14,77,2370005,1416787.87,148,2783273,3811339.39,127,60001,148853.33,22,11619681,1594240.96,26,285,445.82,17,11907441,2833369.35,17,0,0.0,0,51,235.58,4,4048331,2977703.98,14,116973,264322.74,103,5769957,2638682.61,121,22167,81226.04,133,33506,70092.69,297,58747,63762.69,147,6613,27766.46,190,803946,736443.84,156,20389960,3868519.57,115,18.0,30.0,85.1,91.0,187.0,9.0,30.0,267162.0
May/17,3073,25010.13,6,39324,246306.55,42,3003554,15653973.18,2302,435797,469935.16,40,7591,78989.22,25,52578,295760.41,100,2240413,1507850.95,124,3227532,4701173.86,140,412222,913612.92,21,13802427,2230654.21,6,10,112.27,3,13040,22502.64,18,0,0.0,0,24064,9303.61,6,8692,10293.93,15,53167,119101.83,8,27153454,8503094.77,36,16786,79364.81,55,34419,90890.87,39,62448,112793.4,22,11712,45553.95,30,1200091,2404891.54,152,14616302,4042222.1,83,19.8,27.0,22.1,90.0,213.0,8.0,23.9,267162.0
Jun/17,348,6386.41,5,162605,347937.18,87,1611147,10233698.2,1561,537418,571532.15,161,2216,10769.69,16,61411,261253.11,89,563552,383311.67,91,3549058,5877498.55,193,241750,541004.96,37,8659664,2157731.71,28,17132,38771.21,16,489,10623.41,9,0,0.0,0,131,432.21,5,96349,68332.52,16,34706,170472.7,95,296493,115531.84,71,19990,62234.36,94,42580,167280.5,267,85463,143193.24,137,47700,115648.5,173,1317549,1422335.24,168,9929969,2471702.63,114,23.1,27.0,0.0,86.0,250.0,8.0,22.5,267162.0
Jul/17,49609,141495.5,5,51196,383720.91,95,3047992,23802493.18,2162,344123,351044.18,168,1709,25163.58,17,67641,341178.48,72,934037,873829.1,85,2515941,4149411.56,157,424554,973934.63,33,96970642,16128915.42,34,232,249.88,11,12903,59628.23,18,0,0.0,0,24080,9145.16,5,25091535,15429010.58,36,121174,273837.44,115,4978110,1596071.82,108,26368,128630.06,110,28039,69432.92,317,54559,68216.28,180,8493,46233.64,227,2395921,3584402.08,235,10201720,2101864.12,185,24.1,25.0,0.1,80.0,248.0,8.0,30.0,272887.0
Ago/17,15036,37630.0,1,38319,264495.17,80,3060869,22320570.88,2228,301989,317361.39,152,1936,8172.78,16,114441,422602.87,115,8356420,2234993.92,93,3655647,6486673.48,181,489282,1101229.71,37,133245936,21485898.06,31,2443122,507653.88,16,12125,11939.34,19,0,0.0,0,181,713.75,7,12099344,7351223.52,20,23612,38099.58,97,228806,134737.65,100,21448,99831.04,111,67554,310482.37,315,83858,138085.82,146,12060,47977.91,183,1018227,1136206.75,182,9884549,2806140.75,183,25.8,27.0,1.5,78.0,263.0,9.0,22.2,272887.0
Sep/17,0,0.0,0,315698,378225.34,83,2231355,13434950.05,1448,393699,348863.49,164,6830,29019.03,20,173068,473844.82,101,866668,763971.45,78,1589623,1602091.88,73,280377,605468.74,42,91324,93906.39,21,18187,25313.09,16,8941,29672.53,22,0,0.0,0,1989,1561.74,7,27051,21894.16,22,48236,150161.05,107,108457575,45495899.61,100,23182,78026.16,105,28051,67800.2,315,117743,153422.19,138,9497,42843.79,172,1455366,2974003.8,204,11053387,1780249.38,140,23.5,23.0,1.7,81.0,238.0,8.0,19.2,272887.0
Oct/17,18501,48578.23,4,43199,258297.74,97,2911871,18729423.04,2711,552213,666198.47,177,5237,25341.28,21,140900,569011.97,124,1182016,840783.64,105,1641873,1403791.91,92,340285,665243.22,33,116334428,19338474.73,29,313,524.37,18,17313,28354.07,24,400,2797.5,1,228,1345.02,7,146114,426711.41,24,90859,133166.7,115,72763,44113.51,62,25414,37672.42,80,54444,206546.06,313,24067,22524.83,136,3454,35937.33,165,913930,2748439.94,184,11723912,2591812.9,142,22.5,30.0,29.0,84.0,226.0,8.0,21.7,258272.0
Nov/17,52167,146232.68,4,34703,226111.66,83,2532096,15602584.32,2049,320805,378948.4,163,4012,18346.22,20,117039,470981.75,143,1300326,731480.27,138,3065568,2849373.35,166,103177,193214.84,33,26275512,4670405.39,26,478,1826.95,16,53312,144503.22,18,155,10277.77,3,772,2879.05,10,2002839,1474586.94,25,39507,51802.85,134,6230449,3595724.54,94,697892,899362.77,118,85417,330730.2,317,116197,178494.25,145,14195,67325.04,184,1450908,3667163.36,207,11980225,3281146.57,151,14.5,17.0,121.1,82.0,171.0,22.0,18.9,258272.0
Dic/17,0,0.0,0,403873,510913.54,87,2515082,20087436.02,1939,494276,559500.84,196,1705,14113.44,23,93375,348511.66,76,3265438,1688314.09,191,2461376,2296914.93,174,158247,301632.51,21,19028286,3864358.54,29,4254,11754.58,14,136925,272124.19,24,995,55632.62,2,275,1566.85,7,2029946,1459573.2,22,29129,154674.91,144,401091,882829.62,87,279827,762228.89,112,65294,94450.33,290,119709,133091.11,149,12591,81021.62,152,909805,2486995.16,167,6523176,1472737.14,159,14.7,20.0,101.1,80.0,139.0,21.0,24.2,258272.0
Ene/18,24500,73081.64,2,32766,174249.83,65,2124526,16676925.55,1618,265673,339562.41,164,2877,12796.74,34,112096,355040.37,80,10891638,3379299.93,208,2245553,2402024.01,139,324712,596503.05,33,75607522,13373771.22,27,287,420.59,17,17454,64726.41,19,0,7.75,3,22509,16400.27,9,18641702,12985776.17,34,50944,60306.32,110,137219,359289.81,85,239247,693499.86,124,24636,60090.24,249,78887,72532.3,139,4755,27785.62,185,965433,2952495.94,159,24710364,4825261.09,437,12.8,20.0,82.0,83.0,127.0,10.0,26.1,270438.0
Feb/18,16001,45857.41,3,23481,115950.3,51,2666781,18210614.61,1560,363369,467073.67,74,18542,158903.77,6,91313,371324.25,87,4426497,1855788.07,183,3284644,4642711.69,177,375154,637502.75,21,10679821,1659514.91,5,18060,31441.05,4,4399855,1445487.67,6,0,0.0,0,150,4640.17,5,10027588,5646060.34,6,3281,11148.03,46,67982496,34706342.08,37,155367,430093.49,78,49826,108516.69,89,55911,60360.81,28,2274,20646.08,32,1452081,640064.86,72,5178785,1492885.85,175,12.0,16.0,72.3,81.0,120.0,23.0,18.6,270438.0
Mar/18,0,0.0,0,573559,538848.0,116,3217316,14074830.52,1189,389862,434501.15,79,4601,30118.94,5,57668,340448.55,85,3188769,1186374.28,136,3262054,5380113.81,179,357418,612028.38,18,54289336,9161126.41,8,153,512.66,3,69,40995.07,7,5,668.05,1,13287,4672.3,6,19030554,11465982.88,14,67640,190572.41,53,199594,430048.77,38,626309,1780987.87,80,36978,81685.92,83,108822,128152.48,41,7599,41362.43,37,1201887,1826126.05,86,8310255,1973284.8,186,13.9,24.0,286.0,84.0,139.0,22.0,33.1,270438.0
Abr/18,0,0.0,0,47861,195291.75,53,2553933,17316292.1,1566,193140,218112.17,77,4830,24369.89,7,58164,350343.78,104,2974767,1752637.14,151,4979809,6565793.89,208,259692,474021.37,16,51447938,8515169.12,7,0,0.0,0,17916,37235.16,6,40,465.86,2,54799,23315.16,4,29531,20716.21,7,73086,129056.47,55,25379688,12736077.66,54,336067,981077.78,99,50017,264234.29,116,97654,129925.98,45,5505,30179.17,37,747242,2411248.71,112,4341807,807015.19,178,18.466522988505744,18.0,88.9,84.0,176.76724137931038,11.703389830508476,23.19957627118644,255947.0
May/18,0,0.0,0,17144,119284.27,57,2889079,17853381.13,1908,362412,444400.75,78,3339,19494.53,7,65817,335178.56,98,4204833,2396253.09,182,2713864,3635973.9,161,192832,369476.86,15,22262,10211.38,2,30,221.59,1,25203,23855.0,4,500,31118.82,1,396,3635.07,1,10221688,5614604.23,5,45438,179929.15,48,785487,518235.06,38,311394,826663.16,68,59689,96362.18,71,98248,178574.01,42,29282,98004.07,63,2008863,1223599.75,70,9895891,2914927.39,190,18.466522988505737,19.0,7.6,79.84463276836158,176.76724137931038,8.0,20.6,255947.0
Jun/18,0,0.0,0,871013,472614.43,60,2867913,15686031.28,1435,555645,571434.94,89,2446,16070.77,6,74338,344813.61,85,4927018,2322201.51,163,2297289,3940376.44,141,428133,704985.71,24,21164969,3532037.76,10,27564,10441.62,4,12398,55643.88,7,1000,48684.66,2,42,133.14,2,26832,17199.87,5,16476,125080.29,55,599020,406674.68,43,294369,850136.94,76,24795,59251.45,83,72170,123040.59,41,9806,59049.07,33,990648,1567157.43,78,19490602,3976058.77,191,19.6,20.0,1.5,65.0,150.0,8.0,20.8,255947.0
Jul/18,4050,101053.72,1,65368,425264.89,93,4513600,27857362.79,2058,333403,304831.45,75,24937,82141.81,5,77414,463241.4,108,9058866,2701308.68,64,2619213,3334195.1,127,243460,537593.79,17,36029641,6577847.69,2,18451,36304.24,4,54,16837.39,5,0,0.0,0,24034,8584.21,3,9411,11443.57,7,40636,156599.23,57,236608,106467.77,30,23799,102255.87,49,40035,192140.07,80,68781,124261.36,42,11706,50665.59,38,1982796,1270241.91,97,3123323,1141883.38,189,21.1,17.0,0.0,66.0,167.0,10.0,17.5,261898.0
Ago/18,0,0.0,0,47335,272401.51,64,2426020,19736161.01,1264,350369,283847.13,90,1717,8427.68,4,109901,452875.24,89,8036733,1696872.66,50,1579299,2280645.17,82,671513,1339301.61,31,21876439,4145843.11,8,22002,35734.11,3,156,8412.22,4,500,33265.86,2,96,256.75,3,7692,9168.19,8,36648,111892.85,54,30646,63345.53,45,26300,141252.89,63,663790,398730.74,110,63108,116744.55,59,6370,49196.23,50,872937,1237437.22,81,1307478,519743.1,200,23.8,27.0,0.0,65.0,192.0,3.0,24.4,261898.0
Sep/18,18701,51477.08,2,791794,892656.73,134,2950024,18315998.51,1662,360465,353067.76,90,2797,19663.14,5,100575,416628.54,104,13186744,2868912.4,44,2155474,4402394.43,121,443982,838653.24,26,38422672,7766972.63,6,30,51.99,1,55,15240.35,5,3,52.42,1,10283,6530.64,3,47914,31425.59,6,118080,176870.73,62,17510506,5104277.93,24,16443,43082.27,38,38529,236826.88,83,55524,56548.15,32,7737,21595.04,48,5069543,2947031.58,231,3633890,1192838.36,151,23.4,24.0,0.3,67.0,191.0,8.0,20.8,261898.0
Oct/18,2,633.94,2,79424,247662.72,62,2123750,13831778.33,2006,298896,340121.88,67,6299,28982.13,7,177460,834117.57,142,739023,647570.94,64,3589875,4633961.93,173,356941,685087.44,24,102811560,18601989.46,19,84,125.09,2,12238,70222.93,9,812,37060.08,4,0,0.0,0,5011980,3783938.52,10,75675,85817.07,64,144776,100674.66,22,24832,55138.05,50,32506,73850.94,94,85747,171307.72,52,74201,205680.23,45,10260331,5446526.96,459,33675737,10218111.01,198,19.1,19.0,106.3,68.0,152.0,18.0,23.3,249537.0
Nov/18,30691,100692.0,2,79659,243999.3,60,1952235,11692992.95,1535,351091,443289.83,75,4678,39319.69,10,117836,421825.5,104,2108616,1519868.46,117,2851378,5426275.55,154,426716,769908.09,28,22583662,3784728.94,11,2,137.9,2,169304,410564.1,11,700,47735.54,2,110,4106.83,3,28699,22377.06,7,42222,154146.69,82,39189321,11443889.77,41,346861,972808.1,78,32081,87818.01,113,58438,114523.18,46,8243,66814.2,37,10180738,5960255.02,500,82267,107183.52,186,14.5,17.0,121.1,82.0,140.0,22.0,18.9,249537.0
Dic/18,1,316.08,1,1993326,1428427.46,129,2025055,13333551.98,2041,260556,294325.63,91,2050,19124.66,6,116006,440798.16,103,2938267,2039828.5,171,2084414,2921796.52,143,100849,185864.0,14,104568658,20157923.98,28,56,333.89,4,115751,226679.2,6,2000,122429.66,3,6,53.0,1,5138664,3501710.04,6,40232,180975.9,75,32145966,9549329.66,30,16371,58588.14,53,639649,409025.16,108,51842,97728.66,50,14975,60013.92,44,1026920,1075280.04,108,115549,144563.44,171,13.8,19.0,25.0,85.0,138.0,9.0,21.9,249537.0
