,VALOR_14_lag10,PESO_5_lag9,PESO_16_lag9,VALOR_18_lag9,PESO_21_lag8,VALOR_21_lag8,NUM_OPERACIONES_3_lag7,PESO_18_lag7,PESO_19_lag7,VALOR_21_lag6,PESO_4_lag5,PESO_5_lag5,PESO_13_lag5,VALOR_15_lag5,PESO_1_lag4,PESO_6_lag4,VALOR_11_lag4,VALOR_6_lag3,PESO_5_lag2,NUM_OPERACIONES_21_lag2,NUM_OPERACIONES_8_lag1,PESO_9_lag1,PESO_18_lag1,VALOR_16_lag0,PESO_18_lag11,VALOR_14_lag10,NUM_OPERACIONES_6_lag9,PESO_13_lag9,VALOR_14_lag9,PESO_16_lag8,VALOR_18_lag8,VALOR_1_lag7,NUM_OPERACIONES_3_lag7,VALOR_9_lag7,PESO_18_lag7,PESO_21_lag7,VALOR_21_lag7,NUM_OPERACIONES_3_lag6,VALOR_13_lag6,PESO_18_lag6,PESO_19_lag6,PESO_13_lag4,VALOR_15_lag4,VALOR_11_lag3,VALOR_14_lag3,VALOR_6_lag2,VALOR_21_lag2,PESO_5_lag1,PESO_21_lag1,NUM_OPERACIONES_21_lag1,NUM_OPERACIONES_2_lag0,NUM_OPERACIONES_8_lag0,PESO_10_lag0,PESO_13_lag0,PESO_18_lag0,PESO_22_lag11,w_racha_dir_lag10,NUM_OPERACIONES_1_lag9,NUM_OPERACIONES_13_lag9,NUM_OPERACIONES_6_lag8,w_med_lag8,NUM_OPERACIONES_14_lag7,NUM_OPERACIONES_1_lag6,NUM_OPERACIONES_3_lag6,NUM_OPERACIONES_14_lag6,NUM_OPERACIONES_5_lag5,NUM_OPERACIONES_15_lag5,NUM_OPERACIONES_1_lag4,VALOR_4_lag4,PESO_15_lag3,NUM_OPERACIONES_15_lag3,w_racha_speed_lag3,NUM_OPERACIONES_5_lag2,NUM_OPERACIONES_12_lag2,NUM_OPERACIONES_14_lag2,NUM_OPERACIONES_5_lag1,w_racha_speed_lag1,NUM_OPERACIONES_11_lag0,NUM_OPERACIONES_17_lag0,w_racha_speed_lag0,PESO_3_lag11,PESO_11_lag11,VALOR_11_lag11,VALOR_15_lag11,PESO_18_lag11,VALOR_1_lag10,PESO_9_lag10,PESO_18_lag10,PESO_21_lag10,VALOR_21_lag10,PESO_22_lag10,VALOR_3_lag9,PESO_7_lag9,PESO_11_lag9,VALOR_11_lag9,VALOR_13_lag9,PESO_21_lag9,VALOR_21_lag9,PESO_19_lag8,VALOR_4_lag7,PESO_11_lag7,VALOR_11_lag7,VALOR_22_lag7,PESO_1_lag6,PESO_16_lag6,PESO_18_lag6,PESO_20_lag6,VALOR_4_lag5,PESO_9_lag5,VALOR_9_lag5,PESO_18_lag5,PESO_21_lag5,VALOR_21_lag5,PESO_18_lag4,VALOR_18_lag4,PESO_19_lag4,VALOR_2_lag3,PESO_4_lag3,VALOR_4_lag3,VALOR_3_lag2,VALOR_4_lag2,PESO_15_lag2,PESO_18_lag2,VALOR_18_lag2,PESO_1_lag1,PESO_4_lag1,VALOR_8_lag1,PESO_11_lag1,VALOR_11_lag1,PESO_14_lag1,VALOR_14_lag1,VALOR_18_lag1,VALOR_19_lag1,VALOR_6_lag0,VALOR_9_lag0,PESO_18_lag0,VALOR_18_lag0,NUM_OPERACIONES_14_lag11,w_racha_speed_lag11,PESO_15_lag10,hr_lag10,PIB_lag10,VALOR_21_lag9,PESO_22_lag9,VALOR_11_lag8,NUM_OPERACIONES_13_lag7,NUM_OPERACIONES_14_lag5,hr_lag5,VALOR_4_lag4,NUM_OPERACIONES_5_lag3,VALOR_4_lag2,VALOR_15_lag1,VALOR_8_lag0,NUM_OPERACIONES_14_lag0,VALOR_18_lag0,VALOR_19_lag0,PESO_1_lag11,VALOR_3_lag11,VALOR_6_lag11,NUM_OPERACIONES_12_lag10,NUM_OPERACIONES_14_lag10,PESO_17_lag10,w_med_lag10,hr_lag10,hr_lag9,PESO_22_lag8,VALOR_3_lag7,VALOR_11_lag7,NUM_OPERACIONES_1_lag6,NUM_OPERACIONES_13_lag6,VALOR_14_lag5,hr_lag4,NUM_OPERACIONES_1_lag3,VALOR_4_lag3,PESO_21_lag3,NUM_OPERACIONES_5_lag2,VALOR_4_lag1,VALOR_15_lag0
Dic/14,34545.25,1193.0,12158.0,70692.53,44268.0,81833.83,1717.0,29195.0,38643.0,128199.72,217618.0,635.0,5.0,18269811.44,1684.0,215338.0,22.0,489253.85,1029.0,27.0,80.0,457138.0,24182.0,70932.9,66873.0,34545.25,68.0,27.0,13546.11,28462.0,92977.87,41020.21,1717.0,832230.37,29195.0,71291.0,112194.13,1846.0,349.52,192723.0,38531.0,0.0,8631309.52,0.0,4052.74,587647.93,85302.97,19371.0,69527.0,26.0,52.0,110.0,72212352.0,0.0,26001.0,1703954.0,24.0,4.0,3.0,73.0,22.0,1.0,3.0,1846.0,6.0,7.0,9.0,3.0,339246.04,2014330.0,6.0,18.9,9.0,12.0,2.0,12.0,25.6,2.0,69.0,20.3,1762044.0,105220.0,14937.01,16269.87,66873.0,15667.68,230837.0,22842.0,33642.0,99011.74,1447727.0,9376101.44,3138319.0,1500.0,2455.92,368.83,67635.0,112439.46,55005.0,583072.45,319.0,578.18,2685633.04,587.0,545455.0,192723.0,86355.0,312038.54,298560.0,551420.14,186357.0,46668.0,82392.08,34248.0,133720.14,51097.0,438761.73,199440.0,305915.67,11904027.88,595368.81,17819359.0,25554.0,83245.74,17001.0,225647.0,1432684.91,18732.0,7008.48,0.0,0.0,40190.06,79545.29,422897.86,548011.7,26001.0,78376.61,0.0,27.5,33410.0,72.0,315945.0,112439.46,1198703.0,1473.55,1.0,7.0,77.0,339246.04,7.0,595368.81,14019.28,2265157.4,0.0,78376.61,65425.25,0.0,7451234.36,279151.61,9.0,2.0,71545714.0,20.0,72.0,83.25,1011141.0,12011060.64,578.18,3.0,1.0,67854.2,79.0,6.0,305915.67,45050.0,9.0,370278.74,18047.94
Ene/15,13546.11,187.0,28462.0,92977.87,71291.0,112194.13,1846.0,192723.0,38531.0,82392.08,241065.0,552.0,0.0,8631309.52,101870.0,160939.0,0.0,587647.93,19371.0,26.0,110.0,191601.0,26001.0,61334.01,22842.0,13546.11,73.0,0.0,4.46,21786.0,88783.02,22339.94,1846.0,1192055.67,192723.0,64676.0,128199.72,1850.0,249.75,186357.0,40679.0,0.0,1277226.5,28.0,52.16,404178.42,83459.77,552.0,65717.0,21.0,35.0,85.0,37595941.0,6008.0,41235.0,1447727.0,9.0,2.0,0.0,83.0,27.0,6.0,14.0,1850.0,7.0,9.0,8.0,6.0,305915.67,17819359.0,15.0,27.5,12.0,11.0,0.0,14.0,20.3,0.0,59.0,21.7,2766260.0,1200.0,1964.74,22052.3,22842.0,20771.54,500038.0,32650.0,67635.0,112439.46,1198703.0,10280540.18,1067706.0,900.0,1473.55,0.0,44268.0,81833.83,38643.0,331653.58,0.0,0.0,2265681.81,6630.0,15272.0,186357.0,86338.0,339246.04,415620.0,712998.23,34248.0,83912.0,96442.52,26368.0,88221.58,34069.0,620608.23,659723.0,595368.81,12959686.76,370278.74,12690.0,24182.0,40190.06,0.0,141836.0,2265157.4,10.0,44.0,0.0,0.0,78376.61,65425.25,270164.29,749606.91,41235.0,183803.88,2.0,26.4,7968736.0,83.25,315945.0,81833.83,1011141.0,578.18,1.0,3.0,79.0,305915.67,9.0,370278.74,18047.94,1656258.41,0.0,183803.88,87151.41,1617.0,9851902.35,260493.1,12.0,2.0,36460907.0,24.0,83.25,77.0,1276184.0,8805179.86,0.0,14.0,1.0,8353.69,82.0,2.0,595368.81,43689.0,12.0,230892.06,4523028.81
Feb/15,4.46,29.0,21786.0,88783.02,64676.0,128199.72,1850.0,186357.0,40679.0,96442.52,199440.0,523.0,0.0,1277226.5,17036.0,159034.0,28.0,404178.42,552.0,21.0,85.0,367543.0,41235.0,46562.74,32650.0,4.46,83.0,44.0,4.95,545455.0,126107.12,84238.84,1850.0,551420.14,186357.0,46668.0,82392.08,1976.0,0.0,34248.0,51097.0,5.0,11187663.02,7008.48,0.0,422897.86,100302.51,43505.0,27101.0,36.0,28.0,115.0,33206509.0,0.0,24945.0,1198703.0,8.0,7.0,1.0,65.0,18.0,7.0,3.0,1976.0,3.0,7.0,6.0,2.0,595368.81,12690.0,5.0,25.6,14.0,15.0,0.0,14.0,21.7,1.0,52.0,22.8,2333843.0,1500.0,2455.92,5346583.84,32650.0,6388.48,606667.0,34089.0,44268.0,81833.83,1011141.0,12011060.64,2041205.0,319.0,578.18,1457.0,71291.0,112194.13,38531.0,312038.54,10.0,44.9,3423755.82,1684.0,57403.0,34248.0,132588.0,305915.67,458369.0,865520.8,26368.0,45050.0,86975.48,25554.0,83245.74,39921.0,340936.98,225647.0,370278.74,17680737.43,230892.06,16357.0,26001.0,78376.61,2000.0,188678.0,1656258.41,0.0,0.0,0.0,0.0,183803.88,87151.41,260242.76,490356.57,24945.0,52634.11,2.0,26.1,9086104.0,77.0,297470.0,112194.13,1276184.0,0.0,1.0,2.0,82.0,595368.81,12.0,230892.06,4523028.81,3212454.09,0.0,52634.11,65983.8,2168.0,9376101.44,209256.66,10.0,1.0,81828.0,22.0,77.0,72.0,1204089.0,13728493.98,44.9,3.0,0.0,4052.74,81.0,2.0,370278.74,69527.0,14.0,257511.91,2944264.48
Mar/15,4.95,573.0,545455.0,126107.12,46668.0,82392.08,1976.0,34248.0,51097.0,86975.48,659723.0,1029.0,5.0,11187663.02,17001.0,132230.0,7008.48,422897.86,43505.0,36.0,115.0,235563.0,24945.0,92210.44,34089.0,4.95,65.0,12.0,62212.72,15272.0,71473.86,32908.79,1976.0,712998.23,34248.0,83912.0,96442.52,2233.0,0.0,26368.0,34069.0,24.0,14019.28,44.0,0.0,270164.29,43791.68,1107.0,44199.0,35.0,59.0,108.0,52566532.0,0.0,43353.0,1011141.0,8.0,3.0,1.0,73.0,20.0,3.0,6.0,2233.0,2.0,9.0,15.0,2.0,370278.74,16357.0,5.0,20.3,14.0,14.0,0.0,12.0,22.8,3.0,58.0,25.3,3097984.0,900.0,1473.55,6339648.34,34089.0,41020.21,503768.0,29195.0,71291.0,112194.13,1276184.0,8805179.86,1185563.0,0.0,0.0,349.52,64676.0,128199.72,40679.0,339246.04,5.0,22.0,1571131.23,101870.0,42629.0,26368.0,85543.0,595368.81,387928.0,686482.52,25554.0,43689.0,85302.97,24182.0,40190.06,41580.0,438266.03,141836.0,230892.06,9898407.67,257511.91,6829753.0,41235.0,183803.88,0.0,137461.0,3212454.09,12.0,54.0,0.0,0.0,52634.11,65983.8,349717.52,799378.13,43353.0,119444.75,1.0,21.1,10538498.0,72.0,297470.0,128199.72,1204089.0,44.9,0.0,2.0,81.0,370278.74,14.0,257511.91,2944264.48,3072300.84,1.0,119444.75,155875.81,105.0,10280540.18,362817.79,11.0,1.0,7768506.0,27.0,72.0,77.25,1414412.0,13846248.63,22.0,6.0,0.0,52.16,81.66666666666667,0.0,230892.06,65717.0,14.0,294683.31,3790163.44
Abr/15,62212.72,635.0,15272.0,71473.86,83912.0,96442.52,2233.0,26368.0,34069.0,85302.97,225647.0,19371.0,24.0,14019.28,0.0,171731.0,44.0,270164.29,1107.0,35.0,108.0,347303.0,43353.0,63346.45,29195.0,62212.72,73.0,5.0,67854.2,57403.0,133720.14,243845.94,2233.0,865520.8,26368.0,45050.0,86975.48,1322.0,249.75,25554.0,39921.0,0.0,18047.94,0.0,0.0,260242.76,89754.32,22510.0,50004.0,45.0,86.0,107.0,46584664.0,0.0,41501.0,1276184.0,7.5,14.0,1.0,71.0,20.0,2.0,2.0,1322.0,2.0,12.0,5.0,0.0,230892.06,6829753.0,6.0,21.7,12.0,11.0,0.0,17.0,25.3,17.0,84.0,26.4,3963593.0,319.0,578.18,7634846.53,29195.0,22339.94,693137.0,192723.0,64676.0,128199.72,1204089.0,13728493.98,522566.0,10.0,44.9,249.75,46668.0,82392.08,51097.0,305915.67,0.0,0.0,4576294.51,17036.0,40055.0,25554.0,4485307.0,370278.74,457138.0,768531.69,24182.0,69527.0,83459.77,26001.0,78376.61,34849.0,237568.95,188678.0,257511.91,12847381.37,294683.31,5041542.0,24945.0,52634.11,2700.0,139512.0,3072300.84,35.0,178.0,64.0,74.75,119444.75,155875.81,251952.59,500402.77,41501.0,116629.73,1.0,23.9,14479992.0,77.25,297470.0,82392.08,1414412.0,22.0,0.0,0.0,81.66666666666667,230892.06,14.0,294683.31,3790163.44,3785921.18,3.0,116629.73,88474.03,2062.0,12011060.64,224233.91,10.0,6.0,153259.0,18.0,77.25,77.0,524732.0,14001819.78,0.0,2.0,1.0,0.0,80.0,3.0,257511.91,27101.0,12.0,238468.01,11325579.42
May/15,67854.2,552.0,57403.0,133720.14,45050.0,86975.48,1322.0,25554.0,39921.0,83459.77,141836.0,552.0,0.0,18047.94,2000.0,76514.0,0.0,260242.76,22510.0,45.0,107.0,213197.0,41501.0,81277.62,192723.0,67854.2,71.0,0.0,8353.69,42629.0,88221.58,51126.03,1322.0,686482.52,25554.0,43689.0,85302.97,1506.0,975.22,24182.0,41580.0,6008.0,4523028.81,54.0,0.0,349717.52,139159.92,551.0,47244.0,121.0,87.0,113.0,27033105.0,400.0,63870.0,1204089.0,9.0,3.0,0.0,65.0,16.0,2.0,2.0,1506.0,0.0,14.0,5.0,3.0,257511.91,5041542.0,8.0,22.8,17.0,12.0,1.0,17.0,26.4,10.0,78.0,21.7,2522715.0,0.0,0.0,9918795.46,192723.0,84238.84,298560.0,186357.0,46668.0,82392.08,1414412.0,13846248.63,483511.0,5.0,22.0,0.0,83912.0,96442.52,34069.0,595368.81,7.0,28.0,2117754.69,17001.0,44103.0,24182.0,70125.0,230892.06,191601.0,548011.7,26001.0,65717.0,100302.51,41235.0,183803.88,41417.0,327530.69,137461.0,294683.31,10189232.19,238468.01,5864290.0,43353.0,119444.75,2000.0,133677.0,3785921.18,447.0,1171.04,10.0,100.56,116629.73,88474.03,327853.0,816854.08,63870.0,186778.65,6.0,22.275,26829076.0,77.0,305414.0,96442.52,524732.0,0.0,1.0,0.0,80.0,257511.91,12.0,238468.01,11325579.42,3523916.39,3.0,186778.65,92561.84,587.0,8805179.86,313793.86,5.0,7.0,3502589.0,20.0,77.0,79.0,1808937.0,11904027.88,28.0,2.0,2.0,0.0,83.0,0.0,294683.31,44199.0,17.0,232682.21,5384668.23
Jun/15,8353.69,523.0,42629.0,88221.58,43689.0,85302.97,1506.0,24182.0,41580.0,100302.51,188678.0,43505.0,6008.0,4523028.81,0.0,60491.0,54.0,349717.52,551.0,121.0,113.0,419606.0,63870.0,99721.73,186357.0,8353.69,65.0,0.0,4052.74,40055.0,83245.74,47084.54,1506.0,768531.69,24182.0,69527.0,83459.77,1646.0,0.0,26001.0,34849.0,0.0,2944264.48,178.0,74.75,251952.59,89954.29,1248.0,22980.0,167.0,97.0,85.0,4093056.0,200.0,45300.0,1414412.0,8.0,6.0,0.0,98.0,25.0,0.0,0.0,1646.0,0.0,14.0,6.0,0.0,294683.31,5864290.0,12.0,25.3,17.0,12.0,3.0,11.0,21.7,13.0,99.0,22.2,4108531.0,10.0,44.9,18269811.44,186357.0,32908.79,415620.0,34248.0,83912.0,96442.52,524732.0,14001819.78,3487390.0,0.0,0.0,0.0,45050.0,86975.48,39921.0,370278.74,18732.0,7008.48,2756566.53,0.0,30769.0,26001.0,60164.0,257511.91,367543.0,749606.91,41235.0,27101.0,43791.68,24945.0,52634.11,29614.0,361519.44,139512.0,238468.01,12014211.99,232682.21,18548714.0,41501.0,116629.73,39953.0,103458.0,3523916.39,229.0,286.11,172.0,165.76,186778.65,92561.84,274937.74,639226.88,45300.0,221603.55,7.0,20.3,13513859.0,79.0,305414.0,86975.48,1808937.0,28.0,2.0,0.0,83.0,294683.31,17.0,232682.21,5384668.23,2239919.99,0.0,221603.55,121769.8,6630.0,13728493.98,342811.55,12.0,3.0,4051446.0,20.0,79.0,82.0,1298093.0,12959686.76,7008.48,0.0,0.0,0.0,81.0,1.0,238468.01,50004.0,17.0,212836.04,17972672.14
Jul/15,4052.74,1029.0,40055.0,83245.74,69527.0,83459.77,1646.0,26001.0,34849.0,43791.68,137461.0,1107.0,0.0,2944264.48,2700.0,71665.0,178.0,251952.59,1248.0,167.0,85.0,362615.0,45300.0,98346.39,34248.0,4052.74,98.0,5.0,52.16,44103.0,40190.06,0.0,1646.0,548011.7,26001.0,65717.0,100302.51,1180.0,35331.62,41235.0,41417.0,0.0,3790163.44,1171.04,100.56,327853.0,62028.74,826.0,52798.0,176.0,98.0,96.0,11604232.0,10.0,33178.0,524732.0,8.0,2.0,1.0,90.0,18.0,0.0,3.0,1180.0,0.0,12.0,8.0,1.0,238468.01,18548714.0,25.0,26.4,11.0,12.0,3.0,20.0,22.2,9.0,95.0,22.5,2936590.0,5.0,22.0,8631309.52,34248.0,243845.94,458369.0,26368.0,45050.0,86975.48,1808937.0,11904027.88,370727.0,7.0,28.0,249.75,43689.0,85302.97,41580.0,230892.06,10.0,44.0,4482450.64,2000.0,24371.0,41235.0,80829.0,294683.31,235563.0,490356.57,24945.0,44199.0,89754.32,43353.0,119444.75,48652.0,350681.69,133677.0,232682.21,9764840.17,212836.04,8238906.0,63870.0,186778.65,529.0,5475.0,2239919.99,169.0,398.44,0.0,0.0,221603.55,121769.8,306142.15,1018063.8,33178.0,125387.42,3.0,23.3,2014330.0,82.0,305414.0,85302.97,1298093.0,7008.48,0.0,0.0,81.0,238468.01,17.0,212836.04,17972672.14,2669189.82,1.0,125387.42,165427.15,1684.0,13846248.63,418859.15,13.0,2.0,189935117.0,16.0,82.0,81.0,1339104.0,17680737.43,44.0,3.0,2.0,0.0,84.0,1.0,232682.21,47244.0,11.0,16929.33,8256298.58
Ago/15,52.16,19371.0,44103.0,40190.06,65717.0,100302.51,1180.0,41235.0,41417.0,89754.32,139512.0,22510.0,0.0,3790163.44,2000.0,55843.0,1171.04,327853.0,826.0,176.0,96.0,545395.0,33178.0,70409.51,26368.0,52.16,90.0,24.0,0.0,30769.0,78376.61,8489.9,1180.0,749606.91,41235.0,27101.0,43791.68,1344.0,0.0,24945.0,29614.0,0.0,11325579.42,286.11,165.76,274937.74,143771.65,159.0,67954.0,188.0,86.0,76.0,136889542.0,230.0,45260.0,1808937.0,25.0,2.0,2.0,81.0,18.0,0.0,0.0,1344.0,0.0,17.0,12.0,1.0,232682.21,8238906.0,15.0,21.7,20.0,12.0,0.0,17.0,22.5,10.0,100.0,21.9,2658460.0,0.0,0.0,1277226.5,26368.0,51126.03,387928.0,25554.0,43689.0,85302.97,1298093.0,12959686.76,872888.0,18732.0,7008.48,975.22,69527.0,83459.77,34849.0,257511.91,0.0,0.0,1582670.81,0.0,15465.0,24945.0,71119.0,238468.01,347303.0,799378.13,43353.0,50004.0,139159.92,41501.0,116629.73,41543.0,441468.15,103458.0,212836.04,9997412.46,16929.33,28478261.0,45300.0,221603.55,0.0,526731.0,2669189.82,119.0,272.58,8.0,16.02,125387.42,165427.15,360855.38,974217.06,45260.0,145118.86,2.0,18.9,17819359.0,81.0,288049.0,83459.77,1339104.0,44.0,2.0,1.0,84.0,232682.21,11.0,16929.33,8256298.58,1870425.56,6.0,145118.86,305490.19,101870.0,14001819.78,489253.85,12.0,2.0,64838046.0,25.0,81.0,81.66666666666667,1440375.0,9898407.67,0.0,0.0,0.0,74.75,85.66666666666667,4.0,212836.04,22980.0,20.0,369083.21,11275992.17
Sep/15,0.0,552.0,30769.0,78376.61,27101.0,43791.68,1344.0,24945.0,29614.0,139159.92,133677.0,551.0,0.0,11325579.42,39953.0,64638.0,286.11,274937.74,159.0,188.0,76.0,436977.0,45260.0,37025.23,25554.0,0.0,81.0,0.0,0.0,24371.0,183803.88,0.0,1344.0,490356.57,24945.0,44199.0,89754.32,1719.0,0.0,43353.0,48652.0,400.0,5384668.23,398.44,0.0,306142.15,252846.56,257.0,28242.0,188.0,92.0,86.0,29598018.0,0.0,60961.0,1298093.0,24.0,0.0,0.0,47.0,21.0,0.0,1.0,1719.0,1.0,17.0,25.0,4.0,212836.04,28478261.0,24.0,22.2,17.0,20.0,1.0,15.0,21.9,13.0,79.0,19.4,2412506.0,7.0,28.0,11187663.02,25554.0,47084.54,457138.0,24182.0,69527.0,83459.77,1339104.0,17680737.43,5614224.0,10.0,44.0,0.0,65717.0,100302.51,41417.0,294683.31,12.0,54.0,1496773.47,2700.0,44547.0,43353.0,99205.0,232682.21,213197.0,500402.77,41501.0,47244.0,89954.29,63870.0,186778.65,45951.0,268627.52,5475.0,16929.33,11617054.93,369083.21,13230916.0,33178.0,125387.42,0.0,547240.0,1870425.56,197.0,245.11,187738.0,62650.69,145118.86,305490.19,402245.56,611353.41,60961.0,292479.98,2.0,27.5,12690.0,81.66666666666667,288049.0,100302.51,1440375.0,0.0,0.0,3.0,85.66666666666667,212836.04,20.0,369083.21,11275992.17,2107147.01,17.0,292479.98,183115.55,17036.0,11904027.88,587647.93,11.0,0.0,7877520.0,18.0,81.66666666666667,80.0,883962.0,12847381.37,54.0,1.0,0.0,100.56,78.0,3.0,16929.33,52798.0,17.0,373244.41,11247431.93
Oct/15,0.0,43505.0,24371.0,183803.88,44199.0,89754.32,1719.0,43353.0,48652.0,89954.29,103458.0,1248.0,400.0,5384668.23,529.0,43366.0,398.44,306142.15,257.0,188.0,86.0,288560.0,60961.0,63625.17,24182.0,0.0,47.0,6008.0,0.0,15465.0,52634.11,42208.93,1719.0,799378.13,43353.0,50004.0,139159.92,1840.0,0.0,41501.0,41543.0,200.0,17972672.14,272.58,16.02,360855.38,59528.48,126.0,44707.0,152.0,90.0,103.0,89333622.0,0.0,65369.0,1339104.0,7.0,3.0,2.0,67.0,22.0,1.0,1.0,1840.0,3.0,11.0,15.0,3.0,16929.33,13230916.0,17.0,22.5,15.0,16.0,6.0,16.0,19.4,12.0,84.0,16.9,2604390.0,18732.0,7008.48,14019.28,24182.0,0.0,191601.0,26001.0,65717.0,100302.51,1440375.0,9898407.67,3253263.0,0.0,0.0,35331.62,27101.0,43791.68,29614.0,238468.01,35.0,178.0,1361495.97,2000.0,19603.0,41501.0,65707.0,212836.04,419606.0,816854.08,63870.0,22980.0,62028.74,45300.0,221603.55,736324.0,245927.8,526731.0,369083.21,16758451.87,373244.41,18026906.0,45260.0,145118.86,16000.0,1112172.0,2107147.01,3751.0,2592.54,313533.0,143797.92,292479.98,183115.55,496463.74,770023.0,65369.0,242468.02,0.0,25.6,16357.0,80.0,288049.0,43791.68,883962.0,54.0,0.0,3.0,78.0,16929.33,17.0,373244.41,11247431.93,1876745.71,5.0,242468.02,143677.58,17001.0,12959686.76,404178.42,15.0,0.0,30107568.0,18.0,80.0,83.0,1080091.0,10189232.19,178.0,1.0,0.0,165.76,79.0,0.0,369083.21,67954.0,15.0,231227.64,2183224.33
Nov/15,0.0,1107.0,15465.0,52634.11,50004.0,139159.92,1840.0,41501.0,41543.0,62028.74,5475.0,826.0,200.0,17972672.14,0.0,65672.0,272.58,360855.38,126.0,152.0,103.0,365419.0,65369.0,243519.94,26001.0,0.0,67.0,0.0,0.0,44547.0,119444.75,14000.0,1840.0,500402.77,41501.0,47244.0,89954.29,1711.0,4724.0,63870.0,45951.0,10.0,8256298.58,245.11,62650.69,402245.56,118505.62,55.0,25208.0,167.0,81.0,103.0,52842218.0,200.0,81949.0,1440375.0,26.0,0.0,0.0,71.0,20.0,3.0,4.0,1711.0,3.0,20.0,24.0,0.0,369083.21,18026906.0,18.0,21.9,16.0,11.0,17.0,12.0,16.9,15.0,86.0,23.6,3480015.0,10.0,44.0,18047.94,26001.0,8489.9,367543.0,41235.0,27101.0,43791.68,883962.0,12847381.37,2556898.0,12.0,54.0,0.0,44199.0,89754.32,48652.0,232682.21,447.0,1171.04,1741482.85,39953.0,27337.0,63870.0,75700.0,16929.33,362615.0,639226.88,45300.0,52798.0,143771.65,33178.0,125387.42,75157.0,249969.87,547240.0,373244.41,12818635.81,231227.64,17994532.0,60961.0,292479.98,1.0,80833.0,1876745.71,160.0,366.92,50195.0,23580.51,242468.02,143677.58,389519.41,531688.15,81949.0,348039.91,0.0,20.3,6829753.0,83.0,305396.0,89754.32,1080091.0,178.0,0.0,0.0,79.0,369083.21,15.0,231227.64,2183224.33,2863260.21,1.0,348039.91,138615.55,0.0,17680737.43,422897.86,14.0,0.0,23228895.0,21.0,83.0,81.0,735355.0,12014211.99,1171.04,4.0,1.0,0.0,81.0,0.0,373244.41,28242.0,16.0,152238.9,13759.83
Dic/15,0.0,22510.0,44547.0,119444.75,47244.0,89954.29,1711.0,63870.0,45951.0,143771.65,526731.0,159.0,10.0,8256298.58,0.0,100018.0,245.11,402245.56,55.0,167.0,103.0,263565.0,81949.0,88359.02,41235.0,0.0,71.0,0.0,74.75,19603.0,116629.73,97092.68,1711.0,816854.08,63870.0,22980.0,62028.74,2016.0,17808.96,45300.0,736324.0,230.0,11275992.17,2592.54,143797.92,496463.74,43669.21,22231.0,27901.0,146.0,31.0,165.0,930856.0,58080.0,106172.0,883962.0,8.0,1.0,0.0,50.0,25.0,3.0,3.0,2016.0,0.0,17.0,17.0,0.0,373244.41,17994532.0,20.0,19.4,12.0,15.0,5.0,15.0,23.6,2.0,135.0,21.9,1950189.0,0.0,0.0,4523028.81,41235.0,0.0,235563.0,24945.0,44199.0,89754.32,1080091.0,10189232.19,3835614.0,35.0,178.0,0.0,50004.0,139159.92,41543.0,212836.04,229.0,286.11,1454869.45,529.0,35122.0,45300.0,120337.0,369083.21,545395.0,1018063.8,33178.0,67954.0,252846.56,45260.0,145118.86,84152.0,399049.58,1112172.0,231227.64,12454190.02,152238.9,4057757.0,65369.0,242468.02,18054.0,149275.0,2863260.21,330.0,560.47,5.0,57.0,348039.91,138615.55,355449.56,671460.24,106172.0,432040.54,0.0,21.7,5041542.0,81.0,305396.0,139159.92,735355.0,1171.04,1.0,1.0,81.0,373244.41,16.0,152238.9,13759.83,4525102.68,3.0,432040.54,224764.84,2000.0,9898407.67,270164.29,11.0,0.0,27822518.0,22.0,81.0,84.0,752049.0,9764840.17,286.11,3.0,1.0,16.02,83.0,1.0,231227.64,44707.0,12.0,293535.01,1928608.86
Ene/16,74.75,551.0,19603.0,116629.73,22980.0,62028.74,2016.0,45300.0,736324.0,252846.56,547240.0,257.0,230.0,11275992.17,16000.0,190352.0,2592.54,496463.74,22231.0,146.0,165.0,285513.0,106172.0,196394.79,24945.0,74.75,50.0,0.0,100.56,27337.0,186778.65,11261.3,2016.0,639226.88,45300.0,52798.0,143771.65,1720.0,499.5,33178.0,75157.0,0.0,11247431.93,366.92,23580.51,389519.41,47304.91,294.0,130863.0,301.0,84.0,135.0,51221136.0,0.0,38258.0,1080091.0,9.0,1.0,0.0,88.0,26.0,0.0,0.0,1720.0,1.0,15.0,18.0,1.0,231227.64,4057757.0,14.0,16.9,15.0,13.0,1.0,19.0,21.9,20.0,84.0,26.1,2519919.0,12.0,54.0,2944264.48,24945.0,42208.93,347303.0,43353.0,50004.0,139159.92,735355.0,12014211.99,8493951.0,447.0,1171.04,0.0,47244.0,89954.29,45951.0,16929.33,169.0,398.44,2794516.46,0.0,27450.0,33178.0,77365.0,373244.41,436977.0,974217.06,45260.0,28242.0,59528.48,60961.0,292479.98,76713.0,206934.14,80833.0,152238.9,10724002.04,293535.01,12211.0,81949.0,348039.91,838.0,128886.0,4525102.68,12.0,32.0,31105.0,13872.47,432040.54,224764.84,171660.78,916758.87,38258.0,158021.05,0.0,22.8,5864290.0,84.0,305396.0,89954.29,752049.0,286.11,1.0,6.0,83.0,231227.64,12.0,293535.01,1928608.86,3914226.05,0.0,158021.05,211212.06,0.0,12847381.37,260242.76,12.0,1.0,72964556.0,20.0,84.0,85.66666666666667,1009582.0,9997412.46,398.44,0.0,1.0,62650.69,82.0,1.0,152238.9,25208.0,15.0,175568.22,63541.14
Feb/16,100.56,1248.0,27337.0,186778.65,52798.0,143771.65,1720.0,33178.0,75157.0,59528.48,1112172.0,126.0,0.0,11247431.93,1.0,141427.0,366.92,389519.41,294.0,301.0,135.0,440479.0,38258.0,253723.81,43353.0,100.56,88.0,400.0,165.76,35122.0,221603.55,0.0,1720.0,1018063.8,33178.0,67954.0,252846.56,2123.0,2386.59,45260.0,84152.0,0.0,2183224.33,560.47,57.0,355449.56,172569.51,89.0,19664.0,182.0,77.0,115.0,80636021.0,450.0,55566.0,735355.0,7.0,4.0,1.0,66.0,26.0,1.0,0.0,2123.0,6.0,16.0,20.0,1.0,152238.9,12211.0,12.0,23.6,19.0,16.0,3.0,17.0,26.1,12.0,79.0,25.6,2224967.0,35.0,178.0,3790163.44,43353.0,14000.0,213197.0,41501.0,47244.0,89954.29,752049.0,9764840.17,2450521.0,229.0,286.11,4724.0,22980.0,62028.74,736324.0,369083.21,119.0,272.58,4323053.04,0.0,26011.0,45260.0,73581.0,231227.64,288560.0,611353.41,60961.0,44707.0,118505.62,65369.0,242468.02,40073.0,100469.76,149275.0,293535.01,12863777.02,175568.22,4011272.0,106172.0,432040.54,40.0,92984.0,3914226.05,808.0,49722.61,0.0,0.0,158021.05,211212.06,281812.97,247983.49,55566.0,201506.13,1.0,25.3,18548714.0,85.66666666666667,287460.0,62028.74,1009582.0,398.44,1.0,17.0,82.0,152238.9,15.0,175568.22,63541.14,3291361.2,1.0,201506.13,77838.9,2700.0,10189232.19,349717.52,12.0,3.0,126169.0,25.0,85.66666666666667,78.0,1390818.0,11617054.93,272.58,0.0,2.0,143797.92,80.0,3.0,293535.01,27901.0,19.0,146860.63,15873.98
Mar/16,165.76,826.0,35122.0,221603.55,67954.0,252846.56,2123.0,45260.0,84152.0,118505.62,80833.0,55.0,0.0,2183224.33,18054.0,111794.0,560.47,355449.56,89.0,182.0,115.0,97963.0,55566.0,114155.38,41501.0,165.76,66.0,200.0,0.0,27450.0,125387.42,0.0,2123.0,974217.06,45260.0,28242.0,59528.48,1511.0,0.0,60961.0,76713.0,200.0,13759.83,32.0,13872.47,171660.78,30657.33,469.0,33979.0,163.0,80.0,134.0,86945548.0,0.0,63675.0,752049.0,8.0,3.0,1.0,70.0,20.0,6.0,1.0,1511.0,17.0,12.0,14.0,3.0,293535.01,4011272.0,6.0,21.9,17.0,20.0,0.0,14.0,25.6,14.0,121.0,18.1,2952080.0,447.0,1171.04,11325579.42,41501.0,97092.68,419606.0,63870.0,22980.0,62028.74,1009582.0,9997412.46,853642.0,169.0,398.44,17808.96,52798.0,143771.65,75157.0,373244.41,197.0,245.11,1729342.32,16000.0,12539.0,60961.0,68049.0,152238.9,365419.0,770023.0,65369.0,25208.0,43669.21,81949.0,348039.91,54477.0,587605.67,128886.0,175568.22,14907680.2,146860.63,56370.0,38258.0,158021.05,0.0,344169.0,3291361.2,264.0,360.59,8.0,46.0,201506.13,77838.9,372821.04,336731.73,63675.0,250244.07,3.0,26.4,8238906.0,78.0,287460.0,143771.65,1390818.0,272.58,2.0,5.0,80.0,293535.01,19.0,146860.63,15873.98,5521115.21,4.0,250244.07,95177.15,2000.0,12014211.99,251952.59,12.0,3.0,750605.0,26.0,78.0,79.0,1270742.0,16758451.87,245.11,1.0,0.0,23580.51,82.0,3.0,175568.22,130863.0,17.0,278604.56,2148419.87
Abr/16,0.0,159.0,27450.0,125387.42,28242.0,59528.48,1511.0,60961.0,76713.0,43669.21,149275.0,22231.0,200.0,13759.83,838.0,105744.0,32.0,171660.78,469.0,163.0,134.0,166944.0,63675.0,153012.57,63870.0,0.0,70.0,10.0,16.02,26011.0,145118.86,43150.0,1511.0,611353.41,60961.0,44707.0,118505.62,1690.0,0.0,65369.0,40073.0,58080.0,1928608.86,49722.61,0.0,281812.97,124553.86,7173.0,37689.0,253.0,91.0,92.0,60522550.0,0.0,74159.0,1009582.0,7.0,0.0,1.0,45.0,21.0,17.0,1.0,1690.0,5.0,15.0,12.0,3.0,175568.22,56370.0,16.0,26.1,14.0,19.0,1.0,18.0,18.1,14.0,91.0,30.0,2458775.0,229.0,286.11,5384668.23,63870.0,11261.3,362615.0,45300.0,52798.0,143771.65,1390818.0,11617054.93,538373.0,119.0,272.58,499.5,67954.0,252846.56,84152.0,231227.64,3751.0,2592.54,2848835.22,1.0,40215.0,65369.0,79264.0,293535.01,263565.0,531688.15,81949.0,27901.0,47304.91,106172.0,432040.54,67090.0,2023055.02,92984.0,146860.63,14082570.48,278604.56,13087.0,55566.0,201506.13,1.0,390348.0,5521115.21,276.0,375.26,627.0,2654.65,250244.07,95177.15,394979.23,502386.36,74159.0,268957.02,3.0,21.7,28478261.0,79.0,287460.0,252846.56,1270742.0,245.11,0.0,1.0,82.0,175568.22,17.0,278604.56,2148419.87,5048602.48,5.0,268957.02,247827.4,39953.0,9764840.17,327853.0,12.0,0.0,2672370.0,26.0,79.0,81.0,820571.0,12818635.81,2592.54,1.0,0.0,57.0,82.0,1.0,146860.63,19664.0,14.0,350185.9,15988.14
May/16,16.02,257.0,26011.0,145118.86,44707.0,118505.62,1690.0,65369.0,40073.0,47304.91,128886.0,294.0,58080.0,1928608.86,40.0,44234.0,49722.61,281812.97,7173.0,253.0,92.0,237377.0,74159.0,61065.8,45300.0,16.02,45.0,230.0,62650.69,12539.0,292479.98,457.0,1690.0,770023.0,65369.0,25208.0,43669.21,1846.0,17450.54,81949.0,54477.0,0.0,63541.14,360.59,46.0,372821.04,78509.35,344.0,83412.0,201.0,90.0,165.0,30490025.0,1.0,27018.0,1390818.0,6.0,0.0,2.0,96.0,18.0,5.0,3.0,1846.0,1.0,19.0,6.0,1.0,146860.63,13087.0,15.0,25.6,18.0,21.0,4.0,22.0,30.0,19.0,107.0,24.2,2286615.0,169.0,398.44,17972672.14,45300.0,0.0,545395.0,33178.0,67954.0,252846.56,1270742.0,16758451.87,207290.0,197.0,245.11,2386.59,28242.0,59528.48,76713.0,152238.9,160.0,366.92,3017653.67,18054.0,124598.0,81949.0,54417.0,175568.22,285513.0,671460.24,106172.0,130863.0,172569.51,38258.0,158021.05,90141.0,164033.53,344169.0,278604.56,15064437.1,350185.9,3998938.0,63675.0,250244.07,1505.0,334325.0,5048602.48,234.0,461.87,96.0,318.17,268957.02,247827.4,346879.2,740044.14,27018.0,113215.11,0.0,22.2,13230916.0,81.0,295595.0,59528.48,820571.0,2592.54,0.0,3.0,82.0,146860.63,14.0,350185.9,15988.14,5805313.17,6.0,113215.11,158684.46,529.0,9997412.46,274937.74,20.0,1.0,862204.0,20.0,81.0,83.0,1179117.0,12454190.02,366.92,3.0,1.0,13872.47,78.0,0.0,278604.56,33979.0,18.0,328996.72,2100928.43
Jun/16,62650.69,126.0,12539.0,292479.98,25208.0,43669.21,1846.0,81949.0,54477.0,172569.51,92984.0,89.0,0.0,63541.14,0.0,61973.0,360.59,372821.04,344.0,201.0,165.0,371147.0,27018.0,122200.28,33178.0,62650.69,96.0,0.0,143797.92,40215.0,242468.02,57069.4,1846.0,531688.15,81949.0,27901.0,47304.91,2048.0,6196.08,106172.0,67090.0,450.0,15873.98,375.26,2654.65,394979.23,101520.61,49.0,58563.0,175.0,88.0,106.0,100249845.0,50.0,25800.0,1270742.0,8.0,1.0,0.0,89.0,15.0,1.0,3.0,2048.0,3.0,17.0,16.0,0.0,278604.56,3998938.0,16.0,18.1,22.0,29.0,5.0,11.0,24.2,18.0,93.0,23.6,2428946.0,119.0,272.58,8256298.58,33178.0,0.0,436977.0,45260.0,28242.0,59528.48,820571.0,12818635.81,865174.0,3751.0,2592.54,0.0,44707.0,118505.62,40073.0,293535.01,330.0,560.47,1624696.69,838.0,29346.0,106172.0,56687.0,146860.63,440479.0,916758.87,38258.0,19664.0,30657.33,55566.0,201506.13,31388.0,447013.52,390348.0,350185.9,12986790.13,328996.72,13752.0,74159.0,268957.02,3189.0,196092.0,5805313.17,9204.0,73416.43,24423.0,10176.34,113215.11,158684.46,221659.08,633447.12,25800.0,100814.41,1.0,22.5,18026906.0,83.0,295595.0,118505.62,1179117.0,366.92,1.0,0.0,78.0,278604.56,18.0,328996.72,2100928.43,3563721.38,4.0,100814.41,105826.01,0.0,11617054.93,306142.15,16.0,6.0,911766.0,21.0,83.0,82.0,898453.0,10724002.04,560.47,3.0,1.0,0.0,77.0,1.0,350185.9,37689.0,22.0,237800.42,2575514.96
Jul/16,143797.92,55.0,40215.0,242468.02,27901.0,47304.91,2048.0,106172.0,67090.0,30657.33,344169.0,469.0,450.0,15873.98,1.0,104158.0,375.26,394979.23,49.0,175.0,106.0,328315.0,25800.0,87882.14,45260.0,143797.92,89.0,0.0,23580.51,124598.0,348039.91,7133.61,2048.0,671460.24,106172.0,130863.0,172569.51,1933.0,0.0,38258.0,90141.0,0.0,2148419.87,461.87,318.17,346879.2,110715.38,48.0,24070.0,193.0,91.0,94.0,17071536.0,64.0,32883.0,820571.0,9.0,1.0,0.0,75.0,21.0,3.0,1.0,1933.0,0.0,14.0,15.0,1.0,350185.9,13752.0,18.0,30.0,11.0,21.0,6.0,10.0,23.6,15.0,96.0,23.75,2933278.0,197.0,245.11,11275992.17,45260.0,43150.0,288560.0,60961.0,44707.0,118505.62,1179117.0,12454190.02,1325578.0,160.0,366.92,0.0,25208.0,43669.21,54477.0,175568.22,12.0,32.0,1982389.16,40.0,62573.0,38258.0,202896.0,278604.56,97963.0,247983.49,55566.0,33979.0,124553.86,63675.0,250244.07,35183.0,220900.24,334325.0,328996.72,13252530.78,237800.42,3009649.0,27018.0,113215.11,22455.0,233037.0,3563721.38,2791.0,3756.38,24049.0,8573.0,100814.41,105826.01,363058.79,1152615.49,32883.0,114132.73,6.0,21.9,17994532.0,82.0,295595.0,43669.21,898453.0,560.47,1.0,1.0,77.0,350185.9,22.0,237800.42,2575514.96,2409286.15,5.0,114132.73,125176.75,0.0,16758451.87,360855.38,11.0,17.0,25005597.0,18.0,82.0,80.0,747336.0,12863777.02,32.0,1.0,0.0,46.0,79.0,2.0,328996.72,83412.0,11.0,241132.16,11558.65
Ago/16,23580.51,22231.0,124598.0,348039.91,130863.0,172569.51,1933.0,38258.0,90141.0,124553.86,390348.0,7173.0,0.0,2148419.87,1505.0,76632.0,461.87,346879.2,48.0,193.0,94.0,471439.0,32883.0,215721.59,60961.0,23580.51,75.0,200.0,57.0,29346.0,432040.54,1241.26,1933.0,916758.87,38258.0,19664.0,30657.33,1444.0,15984.83,55566.0,31388.0,0.0,15988.14,73416.43,10176.34,221659.08,37963.4,3078.0,66805.0,156.0,96.0,74.0,46298175.0,6.0,41706.0,1179117.0,8.0,3.0,1.0,98.0,26.0,0.0,0.0,1444.0,1.0,18.0,16.0,2.0,328996.72,3009649.0,23.0,24.2,10.0,18.0,4.0,15.0,23.75,13.0,116.0,23.3,3322588.0,3751.0,2592.54,11247431.93,60961.0,457.0,365419.0,65369.0,25208.0,43669.21,898453.0,10724002.04,1495317.0,330.0,560.47,17450.54,27901.0,47304.91,67090.0,146860.63,808.0,49722.61,957026.72,0.0,23903.0,55566.0,63012.0,350185.9,166944.0,336731.73,63675.0,37689.0,78509.35,74159.0,268957.02,90445.0,258874.15,196092.0,237800.42,12531576.51,241132.16,3519212.0,25800.0,100814.41,0.0,167817.0,2409286.15,201.0,373.01,817.0,2930.04,114132.73,125176.75,493520.69,956079.14,41706.0,190105.42,17.0,19.4,4057757.0,80.0,277868.0,47304.91,747336.0,32.0,0.0,4.0,79.0,328996.72,11.0,241132.16,11558.65,2759450.93,6.0,190105.42,90555.97,16000.0,12818635.81,402245.56,15.0,5.0,3361.0,15.0,80.0,82.0,929046.0,14907680.2,49722.61,0.0,2.0,2654.65,82.0,5.0,237800.42,58563.0,10.0,245904.38,200437.63
Sep/16,57.0,294.0,29346.0,432040.54,19664.0,30657.33,1444.0,55566.0,31388.0,78509.35,334325.0,344.0,0.0,15988.14,3189.0,64430.0,73416.43,221659.08,3078.0,156.0,74.0,439311.0,41706.0,53825.61,65369.0,57.0,98.0,58080.0,13872.47,62573.0,158021.05,0.0,1444.0,247983.49,55566.0,33979.0,124553.86,1859.0,7.25,63675.0,35183.0,1.0,2100928.43,3756.38,8573.0,363058.79,78649.77,27683.0,30582.0,189.0,96.0,75.0,38315383.0,476.0,63626.0,898453.0,10.0,3.0,1.0,57.0,20.0,1.0,1.0,1859.0,4.0,22.0,18.0,5.0,237800.42,3519212.0,16.0,23.6,15.0,15.0,5.0,17.0,23.3,16.0,102.0,21.1,3274391.0,160.0,366.92,2183224.33,65369.0,57069.4,263565.0,81949.0,27901.0,47304.91,747336.0,12863777.02,3047421.0,12.0,32.0,6196.08,130863.0,172569.51,90141.0,278604.56,264.0,360.59,1344234.21,1.0,42078.0,63675.0,67633.0,328996.72,237377.0,502386.36,74159.0,83412.0,101520.61,27018.0,113215.11,68522.0,877627.71,233037.0,241132.16,19634617.07,245904.38,10202.0,32883.0,114132.73,0.0,200518.0,2759450.93,25176.0,8504.63,24072.0,8862.19,190105.42,90555.97,513071.07,1184445.51,63626.0,293102.8,5.0,16.9,12211.0,82.0,277868.0,172569.51,929046.0,49722.61,2.0,5.0,82.0,237800.42,10.0,245904.38,200437.63,3104524.64,4.0,293102.8,185897.22,1.0,12454190.02,496463.74,13.0,1.0,60043.0,21.0,82.0,82.0,1055663.0,14082570.48,360.59,1.0,1.0,318.17,81.0,5.0,241132.16,24070.0,15.0,300114.91,68329.5
Oct/16,13872.47,89.0,62573.0,158021.05,33979.0,124553.86,1859.0,63675.0,35183.0,101520.61,196092.0,49.0,1.0,2100928.43,22455.0,47305.0,3756.38,363058.79,27683.0,189.0,75.0,464319.0,63626.0,184979.04,81949.0,13872.47,57.0,0.0,0.0,23903.0,201506.13,80.96,1859.0,336731.73,63675.0,37689.0,78509.35,1963.0,0.0,74159.0,90445.0,50.0,2575514.96,373.01,2930.04,493520.69,65641.38,58.0,39672.0,200.0,92.0,98.0,18834201.0,0.0,22713.0,747336.0,8.0,1.0,0.0,103.0,23.0,4.0,2.0,1963.0,5.0,11.0,23.0,5.0,241132.16,10202.0,9.0,23.75,17.0,14.0,6.0,15.0,21.1,15.0,97.0,22.5,2620497.0,330.0,560.47,13759.83,81949.0,7133.61,285513.0,106172.0,130863.0,172569.51,929046.0,14907680.2,2715935.0,808.0,49722.61,0.0,19664.0,30657.33,31388.0,350185.9,276.0,375.26,1293451.97,1505.0,68354.0,74159.0,115242.0,237800.42,371147.0,740044.14,27018.0,58563.0,110715.38,25800.0,100814.41,34512.0,229241.38,167817.0,245904.38,22058347.88,300114.91,324035.0,41706.0,190105.42,38.0,326975.0,3104524.64,15026.0,6947.34,420.0,351.46,293102.8,185897.22,558333.71,1240748.48,22713.0,46877.58,1.0,23.6,4011272.0,82.0,277868.0,30657.33,1055663.0,360.59,1.0,6.0,81.0,241132.16,15.0,300114.91,68329.5,2900994.54,4.0,46877.58,231086.52,18054.0,10724002.04,389519.41,16.0,3.0,26309043.0,26.0,82.0,78.0,1239772.0,15064437.1,375.26,2.0,0.0,10176.34,79.0,0.0,245904.38,66805.0,17.0,337868.11,1536011.69
Nov/16,0.0,469.0,23903.0,201506.13,37689.0,78509.35,1963.0,74159.0,90445.0,110715.38,233037.0,48.0,50.0,2575514.96,0.0,78352.0,373.01,493520.69,58.0,200.0,98.0,459047.0,22713.0,54038.19,106172.0,0.0,103.0,450.0,46.0,42078.0,250244.07,24726.61,1963.0,502386.36,74159.0,83412.0,101520.61,2247.0,81.73,27018.0,68522.0,64.0,11558.65,8504.63,8862.19,513071.07,100551.23,189.0,25828.0,241.0,69.0,113.0,10011065.0,625.0,75815.0,929046.0,10.0,0.0,2.0,87.0,17.0,5.0,5.0,2247.0,6.0,10.0,16.0,0.0,245904.38,324035.0,27.0,23.3,15.0,21.0,4.0,18.0,22.5,18.0,91.0,21.4,2658367.0,12.0,32.0,1928608.86,106172.0,1241.26,440479.0,38258.0,19664.0,30657.33,1055663.0,14082570.48,9780713.0,264.0,360.59,15984.83,33979.0,124553.86,35183.0,328996.72,234.0,461.87,2426508.28,3189.0,38850.0,27018.0,74603.0,241132.16,328315.0,633447.12,25800.0,24070.0,37963.4,32883.0,114132.73,44204.0,405213.73,200518.0,300114.91,15012623.96,337868.11,100085.0,63626.0,293102.8,15050.0,287144.0,2900994.54,254.0,386.41,88.0,349.55,46877.58,231086.52,483040.08,664454.93,75815.0,367306.93,3.0,21.9,56370.0,78.0,291178.0,124553.86,1239772.0,375.26,0.0,4.0,79.0,245904.38,17.0,337868.11,1536011.69,4909673.26,4.0,367306.93,105812.0,838.0,12863777.02,355449.56,20.0,0.0,15491.0,20.0,78.0,77.0,821073.0,12986790.13,461.87,5.0,1.0,8573.0,81.0,0.0,300114.91,30582.0,15.0,285242.56,967707.59
Dic/16,46.0,7173.0,42078.0,250244.07,83412.0,101520.61,2247.0,27018.0,68522.0,37963.4,167817.0,3078.0,64.0,11558.65,0.0,142697.0,8504.63,513071.07,189.0,241.0,113.0,289468.0,75815.0,166960.1,38258.0,46.0,87.0,0.0,2654.65,68354.0,268957.02,66934.29,2247.0,740044.14,27018.0,58563.0,110715.38,1865.0,987.68,25800.0,34512.0,6.0,200437.63,6947.34,351.46,558333.71,46758.04,394.0,2372.0,178.0,101.0,98.0,60949371.0,5140.0,69442.0,1055663.0,24.0,1.0,1.0,97.0,24.0,6.0,5.0,1865.0,4.0,15.0,9.0,0.0,300114.91,100085.0,15.0,21.1,18.0,15.0,4.0,20.0,21.4,16.0,101.0,23.05,2675011.0,808.0,49722.61,63541.14,38258.0,0.0,97963.0,55566.0,33979.0,124553.86,1239772.0,15064437.1,2429763.0,276.0,375.26,7.25,37689.0,78509.35,90445.0,237800.42,9204.0,73416.43,2261931.54,22455.0,26170.0,25800.0,63525.0,245904.38,471439.0,1152615.49,32883.0,66805.0,78649.77,41706.0,190105.42,34298.0,468804.27,326975.0,337868.11,13702843.61,285242.56,2099329.0,22713.0,46877.58,115.0,360620.0,4909673.26,12262.0,28889.12,2134.0,10695.62,367306.93,105812.0,387277.43,892627.02,69442.0,311053.63,0.0,26.1,13087.0,77.0,291178.0,78509.35,821073.0,461.87,1.0,5.0,81.0,300114.91,15.0,285242.56,967707.59,2620563.39,4.0,311053.63,84097.39,40.0,14907680.2,171660.78,19.0,1.0,187884.0,23.0,77.0,79.0,1040839.0,13252530.78,73416.43,5.0,1.0,2930.04,83.0,4.0,337868.11,39672.0,18.0,357924.48,785.22
Ene/17,2654.65,344.0,68354.0,268957.02,58563.0,110715.38,1865.0,25800.0,34512.0,78649.77,200518.0,27683.0,6.0,200437.63,38.0,142722.0,6947.34,558333.71,394.0,178.0,98.0,354209.0,69442.0,137026.81,55566.0,2654.65,97.0,0.0,318.17,38850.0,113215.11,248231.21,1865.0,633447.12,25800.0,24070.0,37963.4,1824.0,1505.98,32883.0,44204.0,476.0,68329.5,386.41,349.55,483040.08,15338.55,26.0,8132.0,303.0,72.0,54.0,47511975.0,0.0,52785.0,1239772.0,26.0,2.0,0.0,95.0,22.0,4.0,0.0,1824.0,5.0,17.0,27.0,4.0,337868.11,2099329.0,17.0,22.5,20.0,23.0,4.0,16.0,23.05,15.0,89.0,26.1,3023868.0,264.0,360.59,15873.98,55566.0,80.96,166944.0,63675.0,37689.0,78509.35,821073.0,12986790.13,1459708.0,234.0,461.87,0.0,83412.0,101520.61,68522.0,241132.16,2791.0,3756.38,2262517.93,0.0,61299.0,32883.0,71970.0,300114.91,439311.0,956079.14,41706.0,30582.0,65641.38,63626.0,293102.8,46690.0,153380.87,287144.0,285242.56,16206772.96,357924.48,1395761.0,75815.0,367306.93,0.0,44755.0,2620563.39,5967.0,4762.32,3014.0,1071.39,311053.63,84097.39,351876.29,1242678.72,52785.0,202007.5,1.0,25.6,3998938.0,79.0,291178.0,101520.61,1040839.0,73416.43,1.0,6.0,83.0,337868.11,18.0,357924.48,785.22,1478539.3,4.0,202007.5,70393.74,0.0,14082570.48,281812.97,21.0,4.0,33275487.0,17.0,79.0,82.0,1271612.0,12531576.51,3756.38,0.0,3.0,8862.19,81.0,1.0,285242.56,25828.0,20.0,93480.94,12119.57
Feb/17,318.17,49.0,38850.0,113215.11,24070.0,37963.4,1824.0,32883.0,44204.0,65641.38,326975.0,58.0,476.0,68329.5,15050.0,155865.0,386.41,483040.08,26.0,303.0,54.0,518507.0,52785.0,157781.25,63675.0,318.17,95.0,1.0,10176.34,26170.0,100814.41,0.0,1824.0,1152615.49,32883.0,66805.0,78649.77,2658.0,649.28,41706.0,34298.0,0.0,1536011.69,28889.12,10695.62,387277.43,44592.2,2941.0,51337.0,314.0,87.0,80.0,4070019.0,698.0,27737.0,821073.0,9.0,5.0,1.0,76.0,24.0,5.0,0.0,2658.0,6.0,15.0,15.0,1.0,285242.56,1395761.0,24.0,21.4,16.0,15.0,4.0,20.0,26.1,13.0,96.0,27.2,4945797.0,276.0,375.26,2148419.87,63675.0,24726.61,237377.0,74159.0,83412.0,101520.61,1040839.0,13252530.78,1421997.0,9204.0,73416.43,81.73,58563.0,110715.38,34512.0,245904.38,201.0,373.01,3538525.3,0.0,78128.0,41706.0,294832.0,337868.11,464319.0,1184445.51,63626.0,39672.0,100551.23,22713.0,46877.58,57719.0,181682.69,360620.0,357924.48,13896753.21,93480.94,117.0,69442.0,311053.63,17000.0,278474.0,1478539.3,338.0,514.78,59.0,311.28,202007.5,70393.74,360602.0,435789.89,27737.0,108398.95,4.0,18.1,13752.0,82.0,276900.0,110715.38,1271612.0,3756.38,3.0,4.0,81.0,285242.56,20.0,93480.94,12119.57,3279539.35,5.0,108398.95,108753.15,1.0,15064437.1,372821.04,29.0,5.0,4093.0,24.0,82.0,81.0,1083855.0,19634617.07,373.01,0.0,2.0,351.46,85.0,3.0,357924.48,2372.0,16.0,304466.02,9023.45
Mar/17,10176.34,48.0,26170.0,100814.41,66805.0,78649.77,2658.0,41706.0,34298.0,100551.23,287144.0,189.0,0.0,1536011.69,115.0,112972.0,28889.12,387277.43,2941.0,314.0,80.0,213104.0,27737.0,149976.66,74159.0,10176.34,76.0,50.0,8573.0,61299.0,114132.73,0.0,2658.0,956079.14,41706.0,30582.0,65641.38,1317.0,21505.56,63626.0,46690.0,625.0,967707.59,4762.32,1071.39,351876.29,78288.37,1652.0,65790.0,279.0,113.0,139.0,26489245.0,1308.0,43858.0,1040839.0,8.0,5.0,1.0,84.0,21.0,6.0,4.0,1317.0,4.0,18.0,17.0,3.0,357924.48,117.0,14.0,23.05,20.0,20.0,4.0,20.0,27.2,12.0,83.0,24.7,2545104.0,234.0,461.87,15988.14,74159.0,66934.29,371147.0,27018.0,58563.0,110715.38,1271612.0,12531576.51,676069.0,2791.0,3756.38,987.68,24070.0,37963.4,44204.0,300114.91,25176.0,8504.63,1977077.18,38.0,33613.0,63626.0,83238.0,285242.56,459047.0,1240748.48,22713.0,25828.0,46758.04,75815.0,367306.93,46561.0,571875.95,44755.0,93480.94,18583574.39,304466.02,10111.0,52785.0,202007.5,0.0,115982.0,3279539.35,171.0,309.28,87.0,373.0,108398.95,108753.15,284026.1,281591.37,43858.0,120042.35,5.0,30.0,3009649.0,81.0,276900.0,37963.4,1083855.0,373.01,2.0,4.0,85.0,357924.48,16.0,304466.02,9023.45,10402683.93,10.0,120042.35,242656.65,1505.0,12986790.13,394979.23,21.0,6.0,25251266.0,22.0,81.0,79.0,1257053.0,22058347.88,8504.63,4.0,5.0,349.55,81.0,0.0,93480.94,8132.0,20.0,155438.55,14821.27
Abr/17,8573.0,3078.0,61299.0,114132.73,30582.0,65641.38,1317.0,63626.0,46690.0,46758.04,360620.0,394.0,625.0,967707.59,0.0,104809.0,4762.32,351876.29,1652.0,279.0,139.0,119922.0,43858.0,264322.74,27018.0,8573.0,84.0,64.0,2930.04,78128.0,190105.42,5600.63,1317.0,1184445.51,63626.0,39672.0,100551.23,2145.0,0.0,22713.0,57719.0,5140.0,785.22,514.78,311.28,360602.0,73434.66,5079.0,6699.0,351.0,94.0,127.0,11619681.0,0.0,22167.0,1271612.0,7.0,0.0,3.0,81.0,27.0,4.0,1.0,2145.0,4.0,20.0,24.0,0.0,93480.94,10111.0,15.0,26.1,20.0,18.0,5.0,23.0,24.7,17.0,121.0,30.0,2689880.0,9204.0,73416.43,2100928.43,27018.0,248231.21,328315.0,25800.0,24070.0,37963.4,1083855.0,19634617.07,1061285.0,201.0,373.01,1505.98,66805.0,78649.77,34298.0,337868.11,15026.0,6947.34,1621881.1,15050.0,71996.0,22713.0,67877.0,357924.48,289468.0,664454.93,75815.0,2372.0,15338.55,69442.0,311053.63,19812.0,113871.38,278474.0,304466.02,15487075.55,155438.55,7587.0,27737.0,108398.95,59127.0,313143.0,10402683.93,254.0,328.95,24444.0,10031.93,120042.35,242656.65,437706.14,148853.33,22167.0,81226.04,6.0,24.2,3519212.0,79.0,276900.0,78649.77,1257053.0,8504.63,5.0,4.0,81.0,93480.94,20.0,155438.55,14821.27,3811339.39,4.0,81226.04,70092.69,3189.0,13252530.78,346879.2,18.0,4.0,62901.0,24.0,79.0,81.0,1030377.0,15012623.96,6947.34,1.0,0.0,10695.62,81.0,1.0,304466.02,51337.0,20.0,459593.51,2977703.98
May/17,2930.04,27683.0,78128.0,190105.42,39672.0,100551.23,2145.0,22713.0,57719.0,15338.55,44755.0,26.0,5140.0,785.22,17000.0,123296.0,514.78,360602.0,5079.0,351.0,127.0,60001.0,22167.0,119101.83,25800.0,2930.04,81.0,6.0,8862.19,33613.0,293102.8,47360.0,2145.0,1240748.48,22713.0,25828.0,46758.04,2059.0,14752.5,75815.0,46561.0,0.0,12119.57,309.28,373.0,284026.1,37842.97,1570.0,6613.0,190.0,42.0,140.0,13802427.0,0.0,16786.0,1083855.0,9.0,0.0,2.0,114.0,24.0,4.0,3.0,2059.0,4.0,16.0,14.0,1.0,304466.02,7587.0,15.0,27.2,23.0,26.0,10.0,15.0,30.0,3.0,36.0,23.9,3346391.0,2791.0,3756.38,2575514.96,25800.0,0.0,471439.0,32883.0,66805.0,78649.77,1257053.0,22058347.88,357290.0,25176.0,8504.63,649.28,30582.0,65641.38,46690.0,285242.56,254.0,386.41,2399691.86,115.0,20819.0,75815.0,77855.0,93480.94,354209.0,892627.02,69442.0,8132.0,44592.2,52785.0,202007.5,34647.0,201781.18,115982.0,155438.55,15908271.6,459593.51,12772.0,43858.0,120042.35,16074.0,208690.0,3811339.39,285.0,445.82,51.0,235.58,81226.04,70092.69,295760.41,913612.92,16786.0,79364.81,4.0,23.6,10202.0,81.0,283781.0,65641.38,1030377.0,6947.34,0.0,4.0,81.0,304466.02,20.0,459593.51,2977703.98,4701173.86,6.0,79364.81,90890.87,22455.0,12531576.51,221659.08,15.0,5.0,59376.0,21.0,81.0,83.0,1374175.0,13702843.61,386.41,3.0,3.0,1071.39,73.0,0.0,155438.55,65790.0,23.0,338135.75,10293.93
Jun/17,8862.19,58.0,33613.0,293102.8,25828.0,46758.04,2059.0,75815.0,46561.0,44592.2,278474.0,2941.0,0.0,12119.57,0.0,85961.0,309.28,284026.1,1570.0,190.0,140.0,412222.0,16786.0,170472.7,32883.0,8862.19,114.0,476.0,351.46,71996.0,46877.58,4451.45,2059.0,664454.93,75815.0,2372.0,15338.55,1839.0,123129.25,69442.0,19812.0,698.0,9023.45,328.95,10031.93,437706.14,27766.46,7591.0,11712.0,30.0,87.0,193.0,8659664.0,0.0,19990.0,1257053.0,6.0,4.0,5.0,85.0,25.0,4.0,0.0,1839.0,4.0,20.0,15.0,0.0,155438.55,12772.0,14.0,24.7,15.0,17.0,4.0,25.0,23.9,16.0,71.0,22.5,6077820.0,201.0,373.01,11558.65,32883.0,0.0,439311.0,41706.0,30582.0,65641.38,1030377.0,15012623.96,1072040.0,15026.0,6947.34,21505.56,39672.0,100551.23,57719.0,357924.48,12262.0,28889.12,3197344.1,0.0,52128.0,69442.0,71023.0,304466.02,518507.0,1242678.72,52785.0,51337.0,78288.37,27737.0,108398.95,53574.0,2115098.18,313143.0,459593.51,13758401.37,338135.75,4048331.0,22167.0,81226.04,3073.0,435797.0,4701173.86,10.0,112.27,24064.0,9303.61,79364.81,90890.87,261253.11,541004.96,19990.0,62234.36,5.0,23.75,324035.0,83.0,283781.0,100551.23,1374175.0,386.41,3.0,4.0,73.0,155438.55,23.0,338135.75,10293.93,5877498.55,5.0,62234.36,167280.5,0.0,19634617.07,363058.79,14.0,6.0,37040912.0,27.0,83.0,81.0,1613547.0,16206772.96,28889.12,0.0,2.0,311.28,83.0,5.0,459593.51,6699.0,15.0,469935.16,68332.52
Jul/17,351.46,189.0,71996.0,46877.58,2372.0,15338.55,1839.0,69442.0,19812.0,78288.37,115982.0,1652.0,698.0,9023.45,59127.0,83912.0,328.95,437706.14,7591.0,30.0,193.0,241750.0,19990.0,273837.44,41706.0,351.46,85.0,0.0,349.55,20819.0,367306.93,0.0,1839.0,892627.02,69442.0,8132.0,44592.2,2076.0,0.0,52785.0,34647.0,1308.0,14821.27,445.82,235.58,295760.41,45553.95,2216.0,47700.0,173.0,95.0,157.0,96970642.0,0.0,26368.0,1030377.0,9.0,1.0,0.0,127.0,19.0,4.0,1.0,2076.0,4.0,20.0,15.0,5.0,459593.51,4048331.0,14.0,30.0,25.0,18.0,6.0,16.0,22.5,11.0,108.0,30.0,5125205.0,25176.0,8504.63,200437.63,41706.0,5600.63,464319.0,63626.0,39672.0,100551.23,1374175.0,13702843.61,1310932.0,254.0,386.41,0.0,25828.0,46758.04,46561.0,93480.94,5967.0,4762.32,1778983.66,17000.0,17092.0,52785.0,68412.0,155438.55,213104.0,435789.89,27737.0,65790.0,73434.66,43858.0,120042.35,68150.0,284604.02,208690.0,338135.75,15653973.18,469935.16,8692.0,16786.0,79364.81,348.0,537418.0,5877498.55,17132.0,38771.21,131.0,432.21,62234.36,167280.5,341178.48,973934.63,26368.0,128630.06,6.0,23.3,100085.0,81.0,283781.0,46758.04,1613547.0,28889.12,2.0,5.0,83.0,459593.51,15.0,469935.16,68332.52,4149411.56,5.0,128630.06,69432.92,0.0,22058347.88,493520.69,21.0,4.0,99312586.0,24.0,81.0,85.0,2282073.0,13896753.21,4762.32,1.0,0.0,373.0,86.0,6.0,338135.75,6613.0,25.0,571532.15,15429010.58
Ago/17,349.55,394.0,20819.0,367306.93,8132.0,44592.2,2076.0,52785.0,34647.0,73434.66,313143.0,5079.0,1308.0,14821.27,16074.0,73582.0,445.82,295760.41,2216.0,173.0,157.0,424554.0,26368.0,38099.58,63626.0,349.55,127.0,625.0,10695.62,52128.0,311053.63,45144.76,2076.0,1242678.72,52785.0,51337.0,78288.37,1611.0,42377.5,27737.0,53574.0,0.0,2977703.98,112.27,9303.61,261253.11,115648.5,1709.0,8493.0,227.0,80.0,181.0,133245936.0,0.0,21448.0,1374175.0,13.0,3.0,3.0,81.0,20.0,4.0,0.0,1611.0,5.0,23.0,14.0,6.0,338135.75,8692.0,15.0,23.9,16.0,9.0,5.0,17.0,30.0,16.0,100.0,22.2,3115258.0,15026.0,6947.34,68329.5,63626.0,47360.0,459047.0,22713.0,25828.0,46758.04,1613547.0,16206772.96,1569340.0,12262.0,28889.12,14752.5,2372.0,15338.55,19812.0,304466.02,338.0,514.78,770265.08,0.0,66300.0,27737.0,73569.0,459593.51,119922.0,281591.37,43858.0,6699.0,37842.97,22167.0,81226.04,33506.0,246306.55,435797.0,469935.16,10233698.2,571532.15,96349.0,19990.0,62234.36,49609.0,344123.0,4149411.56,232.0,249.88,24080.0,9145.16,128630.06,69432.92,422602.87,1101229.71,21448.0,99831.04,4.0,21.1,2099329.0,85.0,266884.0,15338.55,2282073.0,4762.32,0.0,10.0,86.0,338135.75,25.0,571532.15,15429010.58,6486673.48,7.0,99831.04,310482.37,38.0,15012623.96,513071.07,15.0,4.0,412704.0,25.0,85.0,81.0,1647984.0,18583574.39,514.78,0.0,1.0,10031.93,91.0,6.0,469935.16,11712.0,16.0,351044.18,7351223.52
Sep/17,10695.62,26.0,52128.0,311053.63,51337.0,78288.37,1611.0,27737.0,53574.0,37842.97,208690.0,1570.0,0.0,2977703.98,3073.0,52578.0,112.27,261253.11,1709.0,227.0,181.0,489282.0,21448.0,150161.05,22713.0,10695.62,81.0,5140.0,1071.39,17092.0,202007.5,0.0,1611.0,435789.89,27737.0,65790.0,73434.66,1790.0,77818.86,43858.0,68150.0,0.0,10293.93,38771.21,432.21,341178.48,46233.64,1936.0,12060.0,183.0,83.0,73.0,91324.0,0.0,23182.0,1613547.0,7.0,0.0,2.0,58.0,20.0,5.0,5.0,1790.0,10.0,15.0,14.0,6.0,469935.16,96349.0,16.0,22.5,17.0,18.0,5.0,16.0,22.2,16.0,100.0,19.2,2449005.0,254.0,386.41,1536011.69,22713.0,4451.45,289468.0,75815.0,2372.0,15338.55,2282073.0,13896753.21,3179457.0,5967.0,4762.32,123129.25,8132.0,44592.2,34647.0,155438.55,171.0,309.28,1802217.15,59127.0,51173.0,43858.0,62094.0,338135.75,60001.0,148853.33,22167.0,6613.0,27766.46,16786.0,79364.81,34419.0,347937.18,537418.0,571532.15,23802493.18,351044.18,25091535.0,26368.0,128630.06,15036.0,301989.0,6486673.48,2443122.0,507653.88,181.0,713.75,99831.04,310482.37,473844.82,605468.74,23182.0,78026.16,4.0,22.5,1395761.0,81.0,266884.0,44592.2,1647984.0,514.78,1.0,4.0,91.0,469935.16,16.0,351044.18,7351223.52,1602091.88,7.0,78026.16,67800.2,15050.0,13702843.61,558333.71,23.0,4.0,22059338.0,19.0,81.0,81.0,667477.0,15487075.55,309.28,5.0,2.0,235.58,90.0,5.0,571532.15,47700.0,17.0,317361.39,21894.16
Oct/17,1071.39,2941.0,17092.0,202007.5,65790.0,73434.66,1790.0,43858.0,68150.0,27766.46,435797.0,7591.0,0.0,10293.93,348.0,61411.0,38771.21,341178.48,1936.0,183.0,73.0,280377.0,23182.0,133166.7,75815.0,1071.39,58.0,0.0,311.28,66300.0,108398.95,201236.73,1790.0,281591.37,43858.0,6699.0,37842.97,2113.0,0.0,22167.0,33506.0,0.0,68332.52,249.88,9145.16,422602.87,47977.91,6830.0,9497.0,172.0,97.0,92.0,116334428.0,400.0,25414.0,2282073.0,15.0,1.0,0.0,159.0,23.0,10.0,6.0,2113.0,4.0,25.0,15.0,5.0,571532.15,25091535.0,36.0,30.0,16.0,19.0,7.0,20.0,19.2,18.0,62.0,21.7,2855971.0,12262.0,28889.12,967707.59,75815.0,0.0,354209.0,69442.0,8132.0,44592.2,1647984.0,18583574.39,2767615.0,338.0,514.78,0.0,51337.0,78288.37,53574.0,459593.51,254.0,328.95,1560793.41,16074.0,116973.0,22167.0,58747.0,469935.16,412222.0,913612.92,16786.0,11712.0,45553.95,19990.0,62234.36,42580.0,383720.91,344123.0,351044.18,22320570.88,317361.39,12099344.0,21448.0,99831.04,0.0,393699.0,1602091.88,18187.0,25313.09,1989.0,1561.74,78026.16,67800.2,569011.97,665243.22,25414.0,37672.42,4.0,21.4,117.0,81.0,266884.0,78288.37,667477.0,309.28,2.0,6.0,90.0,571532.15,17.0,317361.39,21894.16,1403791.91,7.0,37672.42,206546.06,115.0,16206772.96,483040.08,15.0,4.0,53374964.0,20.0,81.0,73.0,914529.0,15908271.6,328.95,6.0,0.0,9303.61,86.0,5.0,351044.18,8493.0,16.0,348863.49,426711.41
Nov/17,311.28,1652.0,66300.0,108398.95,6699.0,37842.97,2113.0,22167.0,33506.0,45553.95,537418.0,2216.0,0.0,68332.52,49609.0,67641.0,249.88,422602.87,6830.0,172.0,92.0,340285.0,25414.0,51802.85,69442.0,311.28,159.0,698.0,373.0,51173.0,120042.35,160369.8,2113.0,148853.33,22167.0,6613.0,27766.46,2302.0,0.0,16786.0,34419.0,0.0,15429010.58,507653.88,713.75,473844.82,42843.79,5237.0,3454.0,165.0,83.0,166.0,26275512.0,155.0,697892.0,1647984.0,10.0,0.0,1.0,88.0,24.0,4.0,6.0,2302.0,6.0,16.0,16.0,5.0,351044.18,12099344.0,20.0,22.2,20.0,22.0,7.0,21.0,21.7,16.0,94.0,18.9,2095038.0,5967.0,4762.32,785.22,69442.0,45144.76,518507.0,52785.0,51337.0,78288.37,667477.0,15487075.55,2487279.0,171.0,309.28,42377.5,65790.0,73434.66,68150.0,338135.75,285.0,445.82,736443.84,3073.0,53167.0,16786.0,62448.0,571532.15,241750.0,541004.96,19990.0,47700.0,115648.5,26368.0,128630.06,28039.0,264495.17,301989.0,317361.39,13434950.05,348863.49,27051.0,23182.0,78026.16,18501.0,552213.0,1403791.91,313.0,524.37,228.0,1345.02,37672.42,206546.06,470981.75,193214.84,697892.0,899362.77,4.0,23.05,10111.0,73.0,282844.0,73434.66,914529.0,328.95,0.0,5.0,86.0,351044.18,16.0,348863.49,426711.41,2849373.35,10.0,899362.77,330730.2,0.0,13896753.21,387277.43,20.0,4.0,52745449.0,20.0,73.0,83.0,942957.0,13758401.37,445.82,6.0,0.0,432.21,80.0,1.0,317361.39,12060.0,20.0,666198.47,1474586.94
Dic/17,373.0,5079.0,51173.0,120042.35,6613.0,27766.46,2302.0,16786.0,34419.0,115648.5,344123.0,1709.0,0.0,15429010.58,15036.0,114441.0,507653.88,473844.82,5237.0,165.0,166.0,103177.0,697892.0,154674.91,52785.0,373.0,88.0,1308.0,10031.93,116973.0,81226.04,25010.13,2302.0,913612.92,16786.0,11712.0,45553.95,1561.0,0.0,19990.0,42580.0,0.0,7351223.52,25313.09,1561.74,569011.97,35937.33,4012.0,14195.0,184.0,87.0,174.0,19028286.0,995.0,279827.0,667477.0,9.0,5.0,2.0,77.0,30.0,6.0,5.0,1561.0,5.0,17.0,36.0,1.0,317361.39,27051.0,22.0,19.2,21.0,24.0,7.0,20.0,18.9,14.0,87.0,24.2,2666062.0,338.0,514.78,12119.57,52785.0,0.0,213104.0,27737.0,65790.0,73434.66,914529.0,15908271.6,3663372.0,254.0,328.95,77818.86,6699.0,37842.97,33506.0,469935.16,10.0,112.27,2404891.54,348.0,34706.0,19990.0,85463.0,351044.18,424554.0,973934.63,26368.0,8493.0,46233.64,21448.0,99831.04,67554.0,378225.34,393699.0,348863.49,18729423.04,666198.47,146114.0,25414.0,37672.42,52167.0,320805.0,2849373.35,478.0,1826.95,772.0,2879.05,899362.77,330730.2,348511.66,301632.51,279827.0,762228.89,4.0,26.1,7587.0,83.0,282844.0,37842.97,942957.0,445.82,0.0,5.0,80.0,317361.39,20.0,666198.47,1474586.94,2296914.93,7.0,762228.89,94450.33,17000.0,18583574.39,351876.29,18.0,5.0,61415927.0,23.0,83.0,86.0,803946.0,15653973.18,112.27,5.0,0.0,9145.16,78.0,0.0,348863.49,9497.0,21.0,378948.4,1459573.2
Ene/18,10031.93,1570.0,116973.0,81226.04,11712.0,45553.95,1561.0,19990.0,42580.0,46233.64,301989.0,1936.0,0.0,7351223.52,0.0,173068.0,25313.09,569011.97,4012.0,184.0,174.0,158247.0,279827.0,60306.32,27737.0,10031.93,77.0,0.0,235.58,53167.0,79364.81,6386.41,1561.0,541004.96,19990.0,47700.0,115648.5,2162.0,0.0,26368.0,28039.0,0.0,21894.16,524.37,1345.02,470981.75,67325.04,1705.0,12591.0,152.0,65.0,139.0,75607522.0,0.0,239247.0,914529.0,10.0,6.0,0.0,100.0,27.0,5.0,5.0,2162.0,5.0,16.0,20.0,0.0,348863.49,146114.0,24.0,21.7,20.0,18.0,10.0,23.0,24.2,17.0,85.0,26.1,2314994.0,171.0,309.28,9023.45,27737.0,201236.73,119922.0,43858.0,6699.0,37842.97,942957.0,13758401.37,2370005.0,285.0,445.82,0.0,6613.0,27766.46,34419.0,571532.15,17132.0,38771.21,1422335.24,49609.0,121174.0,26368.0,54559.0,317361.39,489282.0,1101229.71,21448.0,12060.0,47977.91,23182.0,78026.16,28051.0,258297.74,552213.0,666198.47,15602584.32,378948.4,2002839.0,697892.0,899362.77,0.0,494276.0,2296914.93,4254.0,11754.58,275.0,1566.85,762228.89,94450.33,355040.37,596503.05,239247.0,693499.86,5.0,27.2,12772.0,86.0,282844.0,27766.46,803946.0,112.27,0.0,7.0,78.0,348863.49,21.0,378948.4,1459573.2,2402024.01,9.0,693499.86,60090.24,0.0,15487075.55,360602.0,26.0,10.0,46340355.0,24.0,86.0,91.0,1200091.0,10233698.2,38771.21,5.0,0.0,713.75,81.0,4.0,666198.47,3454.0,20.0,559500.84,12985776.17
Feb/18,235.58,7591.0,53167.0,79364.81,47700.0,115648.5,2162.0,26368.0,28039.0,47977.91,393699.0,6830.0,0.0,21894.16,18501.0,140900.0,524.37,470981.75,1705.0,152.0,139.0,324712.0,239247.0,11148.03,43858.0,235.58,100.0,0.0,9303.61,34706.0,62234.36,141495.5,2162.0,973934.63,26368.0,8493.0,46233.64,2228.0,0.0,21448.0,67554.0,400.0,426711.41,1826.95,2879.05,348511.66,81021.62,2877.0,4755.0,185.0,51.0,177.0,10679821.0,0.0,155367.0,942957.0,9.0,6.0,0.0,89.0,27.0,5.0,1.0,2228.0,7.0,20.0,22.0,4.0,666198.47,2002839.0,25.0,18.9,23.0,24.0,7.0,34.0,26.1,4.0,37.0,18.6,2577410.0,254.0,328.95,14821.27,43858.0,160369.8,60001.0,22167.0,6613.0,27766.46,803946.0,15653973.18,2240413.0,10.0,112.27,0.0,11712.0,45553.95,42580.0,351044.18,232.0,249.88,3584402.08,15036.0,23612.0,21448.0,83858.0,348863.49,280377.0,605468.74,23182.0,9497.0,42843.79,25414.0,37672.42,54444.0,226111.66,320805.0,378948.4,20087436.02,559500.84,2029946.0,279827.0,762228.89,24500.0,265673.0,2402024.01,287.0,420.59,22509.0,16400.27,693499.86,60090.24,371324.25,637502.75,155367.0,430093.49,10.0,24.7,4048331.0,91.0,267162.0,45553.95,1200091.0,38771.21,0.0,7.0,81.0,666198.47,20.0,559500.84,12985776.17,4642711.69,5.0,430093.49,108516.69,59127.0,15908271.6,284026.1,17.0,4.0,5769957.0,30.0,91.0,90.0,1317549.0,23802493.18,249.88,1.0,0.0,1561.74,84.0,4.0,378948.4,14195.0,23.0,339562.41,5646060.34
Mar/18,9303.61,2216.0,34706.0,62234.36,8493.0,46233.64,2228.0,21448.0,67554.0,42843.79,552213.0,5237.0,400.0,426711.41,52167.0,117039.0,1826.95,348511.66,2877.0,185.0,177.0,375154.0,155367.0,190572.41,22167.0,9303.61,89.0,0.0,432.21,121174.0,128630.06,37630.0,2228.0,1101229.71,21448.0,12060.0,47977.91,1448.0,0.0,23182.0,28051.0,155.0,1474586.94,11754.58,1566.85,355040.37,27785.62,18542.0,2274.0,32.0,116.0,179.0,54289336.0,5.0,626309.0,803946.0,8.0,5.0,0.0,72.0,25.0,7.0,0.0,1448.0,7.0,21.0,24.0,4.0,378948.4,2029946.0,22.0,24.2,34.0,19.0,9.0,6.0,18.6,3.0,38.0,33.1,2807037.0,285.0,445.82,2977703.98,22167.0,25010.13,412222.0,16786.0,11712.0,45553.95,1200091.0,10233698.2,563552.0,17132.0,38771.21,0.0,47700.0,115648.5,28039.0,317361.39,2443122.0,507653.88,1136206.75,0.0,48236.0,23182.0,117743.0,666198.47,340285.0,665243.22,25414.0,3454.0,35937.33,697892.0,899362.77,85417.0,510913.54,494276.0,559500.84,16676925.55,339562.41,18641702.0,239247.0,693499.86,16001.0,363369.0,4642711.69,18060.0,31441.05,150.0,4640.17,430093.49,108516.69,340448.55,612028.38,626309.0,1780987.87,4.0,30.0,8692.0,90.0,267162.0,115648.5,1317549.0,249.88,0.0,7.0,84.0,378948.4,23.0,339562.41,5646060.34,5380113.81,6.0,1780987.87,81685.92,16074.0,13758401.37,437706.14,18.0,6.0,27153454.0,27.0,90.0,86.0,2395921.0,22320570.88,507653.88,0.0,0.0,1345.02,82.0,0.0,559500.84,12591.0,34.0,467073.67,11465982.88
Abr/18,432.21,1709.0,121174.0,128630.06,12060.0,47977.91,1448.0,23182.0,28051.0,35937.33,320805.0,4012.0,155.0,1474586.94,0.0,93375.0,11754.58,355040.37,18542.0,32.0,179.0,357418.0,626309.0,129056.47,16786.0,432.21,72.0,0.0,9145.16,23612.0,99831.04,0.0,1448.0,605468.74,23182.0,9497.0,42843.79,2711.0,2797.5,25414.0,54444.0,995.0,1459573.2,420.59,16400.27,371324.25,20646.08,4601.0,7599.0,37.0,53.0,208.0,51447938.0,40.0,336067.0,1200091.0,8.0,5.0,0.0,115.0,27.0,7.0,4.0,2711.0,7.0,20.0,25.0,0.0,559500.84,18641702.0,34.0,26.1,6.0,6.0,5.0,5.0,33.1,0.0,54.0,23.19957627118644,3003554.0,10.0,112.27,10293.93,16786.0,6386.41,241750.0,19990.0,47700.0,115648.5,1317549.0,23802493.18,934037.0,232.0,249.88,0.0,8493.0,46233.64,67554.0,348863.49,18187.0,25313.09,2974003.8,18501.0,90859.0,25414.0,24067.0,378948.4,103177.0,193214.84,697892.0,14195.0,67325.04,279827.0,762228.89,65294.0,174249.83,265673.0,339562.41,18210614.61,467073.67,10027588.0,155367.0,430093.49,0.0,389862.0,5380113.81,153.0,512.66,13287.0,4672.3,1780987.87,81685.92,350343.78,474021.37,336067.0,981077.78,6.0,23.9,96349.0,86.0,267162.0,46233.64,2395921.0,507653.88,0.0,10.0,82.0,559500.84,34.0,467073.67,11465982.88,6565793.89,4.0,981077.78,264234.29,3073.0,15653973.18,295760.41,9.0,5.0,296493.0,27.0,86.0,80.0,1018227.0,13434950.05,25313.09,4.0,1.0,2879.05,80.0,2.0,339562.41,4755.0,6.0,434501.15,20716.21
May/18,9145.16,1936.0,23612.0,99831.04,9497.0,42843.79,2711.0,25414.0,54444.0,67325.04,494276.0,1705.0,995.0,1459573.2,24500.0,112096.0,420.59,371324.25,4601.0,37.0,208.0,259692.0,336067.0,179929.15,19990.0,9145.16,115.0,0.0,713.75,48236.0,78026.16,48578.23,2711.0,665243.22,25414.0,3454.0,35937.33,2049.0,10277.77,697892.0,85417.0,0.0,12985776.17,31441.05,4640.17,340448.55,41362.43,4830.0,5505.0,37.0,57.0,161.0,22262.0,500.0,311394.0,1317549.0,8.0,1.0,0.0,101.0,23.0,7.0,4.0,2049.0,10.0,23.0,22.0,2.0,339562.41,10027588.0,6.0,18.6,5.0,7.0,6.0,7.0,23.19957627118644,1.0,38.0,20.6,1611147.0,17132.0,38771.21,68332.52,19990.0,141495.5,424554.0,26368.0,8493.0,46233.64,2395921.0,22320570.88,8356420.0,2443122.0,507653.88,0.0,12060.0,47977.91,28051.0,666198.47,313.0,524.37,2748439.94,52167.0,39507.0,697892.0,116197.0,559500.84,158247.0,301632.51,279827.0,12591.0,81021.62,239247.0,693499.86,24636.0,115950.3,363369.0,467073.67,14074830.52,434501.15,19030554.0,626309.0,1780987.87,0.0,193140.0,6565793.89,0.0,0.0,54799.0,23315.16,981077.78,264234.29,335178.56,369476.86,311394.0,826663.16,5.0,22.5,25091535.0,80.0,272887.0,47977.91,1018227.0,25313.09,1.0,7.0,80.0,339562.41,6.0,434501.15,20716.21,3635973.9,1.0,826663.16,96362.18,348.0,10233698.2,261253.11,18.0,5.0,4978110.0,25.0,80.0,78.0,1455366.0,18729423.04,524.37,4.0,3.0,1566.85,83.0,3.0,467073.67,2274.0,5.0,218112.17,5614604.23
Jun/18,713.75,6830.0,48236.0,78026.16,3454.0,35937.33,2049.0,697892.0,85417.0,81021.62,265673.0,2877.0,0.0,12985776.17,16001.0,91313.0,31441.05,340448.55,4830.0,37.0,161.0,192832.0,311394.0,125080.29,26368.0,713.75,101.0,0.0,1561.74,90859.0,37672.42,146232.68,2049.0,193214.84,697892.0,14195.0,67325.04,1939.0,55632.62,279827.0,65294.0,0.0,5646060.34,512.66,4672.3,350343.78,30179.17,3339.0,29282.0,63.0,60.0,141.0,21164969.0,1000.0,294369.0,2395921.0,9.0,0.0,0.0,124.0,30.0,10.0,0.0,1939.0,7.0,34.0,34.0,3.0,467073.67,19030554.0,14.0,33.1,7.0,6.0,4.0,7.0,20.6,4.0,43.0,20.8,3047992.0,232.0,249.88,15429010.58,26368.0,37630.0,489282.0,21448.0,12060.0,47977.91,1018227.0,13434950.05,866668.0,18187.0,25313.09,0.0,9497.0,42843.79,54444.0,378948.4,478.0,1826.95,3667163.36,0.0,29129.0,279827.0,119709.0,339562.41,324712.0,596503.05,239247.0,4755.0,27785.62,155367.0,430093.49,49826.0,538848.0,389862.0,434501.15,17316292.1,218112.17,29531.0,336067.0,981077.78,0.0,362412.0,3635973.9,30.0,221.59,396.0,3635.07,826663.16,96362.18,344813.61,704985.71,294369.0,850136.94,5.0,30.0,12099344.0,78.0,272887.0,42843.79,1455366.0,524.37,3.0,9.0,83.0,467073.67,5.0,218112.17,5614604.23,3940376.44,2.0,850136.94,59251.45,49609.0,23802493.18,341178.48,19.0,7.0,228806.0,27.0,78.0,81.0,913930.0,15602584.32,1826.95,0.0,2.0,16400.27,81.0,0.0,434501.15,7599.0,7.0,444400.75,17199.87
